#Time,Site,기온(℃),상대습도(%),풍향(˚),풍속(m/s),강수량0.5(mm),기압(hPa),위도(정수),위도(실수),경도(정수),경도(실수),고도,방위각,노면온도,노면상태,마찰계수,수막,빙막두께,설막두께,결빙온도,대기온도,상대습도,이슬점,팬속도,센서상태(hex),로거상태(hex)
*,,,,,,,,,,,,,,,,,,,,,,,,,,
*,,,,,,,,,,,,,,,,,,,,,,,,,,
*,,,,,,,,,,,,,,,,,,,,,,,,,,
*,,,,,,,,,,,,,,,,,,,,,,,,,,
*,,,,,,,,,,,,,,,,,,,,,,,,,,
*,,,,,,,,,,,,,,,,,,,,,,,,,,
*,,,,,,,,,,,,,,,,,,,,,,,,,,
*,,,,,,,,,,,,,,,,,,,,,,,,,,
*,,,,,,,,,,,,,,,,,,,,,,,,,,
*,,,,,,,,,,,,,,,,,,,,,,,,,,
*,,,,,,,,,,,,,,,,,,,,,,,,,,
*,,,,,,,,,,,,,,,,,,,,,,,,,,
*,,,,,,,,,,,,,,,,,,,,,,,,,,
*,,,,,,,,,,,,,,,,,,,,,,,,,,
*,,,,,,,,,,,,,,,,,,,,,,,,,,
*,,,,,,,,,,,,,,,,,,,,,,,,,,
*,,,,,,,,,,,,,,,,,,,,,,,,,,
*,,,,,,,,,,,,,,,,,,,,,,,,,,
*,,,,,,,,,,,,,,,,,,,,,,,,,,
*,,,,,,,,,,,,,,,,,,,,,,,,,,
*,,,,,,,,,,,,,,,,,,,,,,,,,,
*,,,,,,,,,,,,,,,,,,,,,,,,,,
*,,,,,,,,,,,,,,,,,,,,,,,,,,
*,,,,,,,,,,,,,,,,,,,,,,,,,,
*,,,,,,,,,,,,,,,,,,,,,,,,,,
*,,,,,,,,,,,,,,,,,,,,,,,,,,
*,,,,,,,,,,,,,,,,,,,,,,,,,,
*,,,,,,,,,,,,,,,,,,,,,,,,,,
*,,,,,,,,,,,,,,,,,,,,,,,,,,
*,,,,,,,,,,,,,,,,,,,,,,,,,,
*,,,,,,,,,,,,,,,,,,,,,,,,,,
*,,,,,,,,,,,,,,,,,,,,,,,,,,
*,,,,,,,,,,,,,,,,,,,,,,,,,,
*,,,,,,,,,,,,,,,,,,,,,,,,,,
*,,,,,,,,,,,,,,,,,,,,,,,,,,
*,,,,,,,,,,,,,,,,,,,,,,,,,,
*,,,,,,,,,,,,,,,,,,,,,,,,,,
*,,,,,,,,,,,,,,,,,,,,,,,,,,
*,,,,,,,,,,,,,,,,,,,,,,,,,,
*,,,,,,,,,,,,,,,,,,,,,,,,,,
*,,,,,,,,,,,,,,,,,,,,,,,,,,
*,,,,,,,,,,,,,,,,,,,,,,,,,,
*,,,,,,,,,,,,,,,,,,,,,,,,,,
*,,,,,,,,,,,,,,,,,,,,,,,,,,
*,,,,,,,,,,,,,,,,,,,,,,,,,,
*,,,,,,,,,,,,,,,,,,,,,,,,,,
*,,,,,,,,,,,,,,,,,,,,,,,,,,
*,,,,,,,,,,,,,,,,,,,,,,,,,,
*,,,,,,,,,,,,,,,,,,,,,,,,,,
*,,,,,,,,,,,,,,,,,,,,,,,,,,
*,,,,,,,,,,,,,,,,,,,,,,,,,,
*,,,,,,,,,,,,,,,,,,,,,,,,,,
*,,,,,,,,,,,,,,,,,,,,,,,,,,
*,,,,,,,,,,,,,,,,,,,,,,,,,,
*,,,,,,,,,,,,,,,,,,,,,,,,,,
*,,,,,,,,,,,,,,,,,,,,,,,,,,
*,,,,,,,,,,,,,,,,,,,,,,,,,,
*,,,,,,,,,,,,,,,,,,,,,,,,,,
*,,,,,,,,,,,,,,,,,,,,,,,,,,
*,,,,,,,,,,,,,,,,,,,,,,,,,,
*,,,,,,,,,,,,,,,,,,,,,,,,,,
*,,,,,,,,,,,,,,,,,,,,,,,,,,
*,,,,,,,,,,,,,,,,,,,,,,,,,,
*,,,,,,,,,,,,,,,,,,,,,,,,,,
*,,,,,,,,,,,,,,,,,,,,,,,,,,
*,,,,,,,,,,,,,,,,,,,,,,,,,,
*,,,,,,,,,,,,,,,,,,,,,,,,,,
*,,,,,,,,,,,,,,,,,,,,,,,,,,
*,,,,,,,,,,,,,,,,,,,,,,,,,,
*,,,,,,,,,,,,,,,,,,,,,,,,,,
*,,,,,,,,,,,,,,,,,,,,,,,,,,
*,,,,,,,,,,,,,,,,,,,,,,,,,,
*,,,,,,,,,,,,,,,,,,,,,,,,,,
*,,,,,,,,,,,,,,,,,,,,,,,,,,
*,,,,,,,,,,,,,,,,,,,,,,,,,,
*,,,,,,,,,,,,,,,,,,,,,,,,,,
*,,,,,,,,,,,,,,,,,,,,,,,,,,
*,,,,,,,,,,,,,,,,,,,,,,,,,,
*,,,,,,,,,,,,,,,,,,,,,,,,,,
*,,,,,,,,,,,,,,,,,,,,,,,,,,
*,,,,,,,,,,,,,,,,,,,,,,,,,,
*,,,,,,,,,,,,,,,,,,,,,,,,,,
*,,,,,,,,,,,,,,,,,,,,,,,,,,
*,,,,,,,,,,,,,,,,,,,,,,,,,,
*,,,,,,,,,,,,,,,,,,,,,,,,,,
*,,,,,,,,,,,,,,,,,,,,,,,,,,
*,,,,,,,,,,,,,,,,,,,,,,,,,,
*,,,,,,,,,,,,,,,,,,,,,,,,,,
*,,,,,,,,,,,,,,,,,,,,,,,,,,
*,,,,,,,,,,,,,,,,,,,,,,,,,,
*,,,,,,,,,,,,,,,,,,,,,,,,,,
*,,,,,,,,,,,,,,,,,,,,,,,,,,
*,,,,,,,,,,,,,,,,,,,,,,,,,,
*,,,,,,,,,,,,,,,,,,,,,,,,,,
*,,,,,,,,,,,,,,,,,,,,,,,,,,
*,,,,,,,,,,,,,,,,,,,,,,,,,,
*,,,,,,,,,,,,,,,,,,,,,,,,,,
*,,,,,,,,,,,,,,,,,,,,,,,,,,
*,,,,,,,,,,,,,,,,,,,,,,,,,,
*,,,,,,,,,,,,,,,,,,,,,,,,,,
*,,,,,,,,,,,,,,,,,,,,,,,,,,
*,,,,,,,,,,,,,,,,,,,,,,,,,,
*,,,,,,,,,,,,,,,,,,,,,,,,,,
*,,,,,,,,,,,,,,,,,,,,,,,,,,
*,,,,,,,,,,,,,,,,,,,,,,,,,,
*,,,,,,,,,,,,,,,,,,,,,,,,,,
*,,,,,,,,,,,,,,,,,,,,,,,,,,
*,,,,,,,,,,,,,,,,,,,,,,,,,,
*,,,,,,,,,,,,,,,,,,,,,,,,,,
*,,,,,,,,,,,,,,,,,,,,,,,,,,
*,,,,,,,,,,,,,,,,,,,,,,,,,,
*,,,,,,,,,,,,,,,,,,,,,,,,,,
*,,,,,,,,,,,,,,,,,,,,,,,,,,
*,,,,,,,,,,,,,,,,,,,,,,,,,,
*,,,,,,,,,,,,,,,,,,,,,,,,,,
*,,,,,,,,,,,,,,,,,,,,,,,,,,
*,,,,,,,,,,,,,,,,,,,,,,,,,,
*,,,,,,,,,,,,,,,,,,,,,,,,,,
*,,,,,,,,,,,,,,,,,,,,,,,,,,
*,,,,,,,,,,,,,,,,,,,,,,,,,,
*,,,,,,,,,,,,,,,,,,,,,,,,,,
*,,,,,,,,,,,,,,,,,,,,,,,,,,
*,,,,,,,,,,,,,,,,,,,,,,,,,,
*,,,,,,,,,,,,,,,,,,,,,,,,,,
*,,,,,,,,,,,,,,,,,,,,,,,,,,
*,,,,,,,,,,,,,,,,,,,,,,,,,,
*,,,,,,,,,,,,,,,,,,,,,,,,,,
*,,,,,,,,,,,,,,,,,,,,,,,,,,
*,,,,,,,,,,,,,,,,,,,,,,,,,,
*,,,,,,,,,,,,,,,,,,,,,,,,,,
*,,,,,,,,,,,,,,,,,,,,,,,,,,
*,,,,,,,,,,,,,,,,,,,,,,,,,,
*,,,,,,,,,,,,,,,,,,,,,,,,,,
*,,,,,,,,,,,,,,,,,,,,,,,,,,
*,,,,,,,,,,,,,,,,,,,,,,,,,,
*,,,,,,,,,,,,,,,,,,,,,,,,,,
*,,,,,,,,,,,,,,,,,,,,,,,,,,
*,,,,,,,,,,,,,,,,,,,,,,,,,,
*,,,,,,,,,,,,,,,,,,,,,,,,,,
*,,,,,,,,,,,,,,,,,,,,,,,,,,
*,,,,,,,,,,,,,,,,,,,,,,,,,,
*,,,,,,,,,,,,,,,,,,,,,,,,,,
*,,,,,,,,,,,,,,,,,,,,,,,,,,
*,,,,,,,,,,,,,,,,,,,,,,,,,,
*,,,,,,,,,,,,,,,,,,,,,,,,,,
*,,,,,,,,,,,,,,,,,,,,,,,,,,
*,,,,,,,,,,,,,,,,,,,,,,,,,,
*,,,,,,,,,,,,,,,,,,,,,,,,,,
*,,,,,,,,,,,,,,,,,,,,,,,,,,
*,,,,,,,,,,,,,,,,,,,,,,,,,,
*,,,,,,,,,,,,,,,,,,,,,,,,,,
*,,,,,,,,,,,,,,,,,,,,,,,,,,
*,,,,,,,,,,,,,,,,,,,,,,,,,,
*,,,,,,,,,,,,,,,,,,,,,,,,,,
*,,,,,,,,,,,,,,,,,,,,,,,,,,
*,,,,,,,,,,,,,,,,,,,,,,,,,,
*,,,,,,,,,,,,,,,,,,,,,,,,,,
*,,,,,,,,,,,,,,,,,,,,,,,,,,
*,,,,,,,,,,,,,,,,,,,,,,,,,,
*,,,,,,,,,,,,,,,,,,,,,,,,,,
*,,,,,,,,,,,,,,,,,,,,,,,,,,
*,,,,,,,,,,,,,,,,,,,,,,,,,,
*,,,,,,,,,,,,,,,,,,,,,,,,,,
*,,,,,,,,,,,,,,,,,,,,,,,,,,
*,,,,,,,,,,,,,,,,,,,,,,,,,,
*,,,,,,,,,,,,,,,,,,,,,,,,,,
*,,,,,,,,,,,,,,,,,,,,,,,,,,
*,,,,,,,,,,,,,,,,,,,,,,,,,,
*,,,,,,,,,,,,,,,,,,,,,,,,,,
*,,,,,,,,,,,,,,,,,,,,,,,,,,
*,,,,,,,,,,,,,,,,,,,,,,,,,,
*,,,,,,,,,,,,,,,,,,,,,,,,,,
*,,,,,,,,,,,,,,,,,,,,,,,,,,
*,,,,,,,,,,,,,,,,,,,,,,,,,,
*,,,,,,,,,,,,,,,,,,,,,,,,,,
*,,,,,,,,,,,,,,,,,,,,,,,,,,
*,,,,,,,,,,,,,,,,,,,,,,,,,,
*,,,,,,,,,,,,,,,,,,,,,,,,,,
*,,,,,,,,,,,,,,,,,,,,,,,,,,
*,,,,,,,,,,,,,,,,,,,,,,,,,,
*,,,,,,,,,,,,,,,,,,,,,,,,,,
*,,,,,,,,,,,,,,,,,,,,,,,,,,
*,,,,,,,,,,,,,,,,,,,,,,,,,,
*,,,,,,,,,,,,,,,,,,,,,,,,,,
*,,,,,,,,,,,,,,,,,,,,,,,,,,
*,,,,,,,,,,,,,,,,,,,,,,,,,,
*,,,,,,,,,,,,,,,,,,,,,,,,,,
*,,,,,,,,,,,,,,,,,,,,,,,,,,
*,,,,,,,,,,,,,,,,,,,,,,,,,,
*,,,,,,,,,,,,,,,,,,,,,,,,,,
*,,,,,,,,,,,,,,,,,,,,,,,,,,
*,,,,,,,,,,,,,,,,,,,,,,,,,,
*,,,,,,,,,,,,,,,,,,,,,,,,,,
*,,,,,,,,,,,,,,,,,,,,,,,,,,
*,,,,,,,,,,,,,,,,,,,,,,,,,,
*,,,,,,,,,,,,,,,,,,,,,,,,,,
*,,,,,,,,,,,,,,,,,,,,,,,,,,
*,,,,,,,,,,,,,,,,,,,,,,,,,,
*,,,,,,,,,,,,,,,,,,,,,,,,,,
*,,,,,,,,,,,,,,,,,,,,,,,,,,
*,,,,,,,,,,,,,,,,,,,,,,,,,,
*,,,,,,,,,,,,,,,,,,,,,,,,,,
*,,,,,,,,,,,,,,,,,,,,,,,,,,
*,,,,,,,,,,,,,,,,,,,,,,,,,,
*,,,,,,,,,,,,,,,,,,,,,,,,,,
*,,,,,,,,,,,,,,,,,,,,,,,,,,
*,,,,,,,,,,,,,,,,,,,,,,,,,,
*,,,,,,,,,,,,,,,,,,,,,,,,,,
*,,,,,,,,,,,,,,,,,,,,,,,,,,
*,,,,,,,,,,,,,,,,,,,,,,,,,,
*,,,,,,,,,,,,,,,,,,,,,,,,,,
*,,,,,,,,,,,,,,,,,,,,,,,,,,
*,,,,,,,,,,,,,,,,,,,,,,,,,,
*,,,,,,,,,,,,,,,,,,,,,,,,,,
*,,,,,,,,,,,,,,,,,,,,,,,,,,
*,,,,,,,,,,,,,,,,,,,,,,,,,,
*,,,,,,,,,,,,,,,,,,,,,,,,,,
*,,,,,,,,,,,,,,,,,,,,,,,,,,
*,,,,,,,,,,,,,,,,,,,,,,,,,,
*,,,,,,,,,,,,,,,,,,,,,,,,,,
*,,,,,,,,,,,,,,,,,,,,,,,,,,
*,,,,,,,,,,,,,,,,,,,,,,,,,,
*,,,,,,,,,,,,,,,,,,,,,,,,,,
*,,,,,,,,,,,,,,,,,,,,,,,,,,
*,,,,,,,,,,,,,,,,,,,,,,,,,,
*,,,,,,,,,,,,,,,,,,,,,,,,,,
*,,,,,,,,,,,,,,,,,,,,,,,,,,
*,,,,,,,,,,,,,,,,,,,,,,,,,,
*,,,,,,,,,,,,,,,,,,,,,,,,,,
*,,,,,,,,,,,,,,,,,,,,,,,,,,
*,,,,,,,,,,,,,,,,,,,,,,,,,,
*,,,,,,,,,,,,,,,,,,,,,,,,,,
*,,,,,,,,,,,,,,,,,,,,,,,,,,
*,,,,,,,,,,,,,,,,,,,,,,,,,,
*,,,,,,,,,,,,,,,,,,,,,,,,,,
*,,,,,,,,,,,,,,,,,,,,,,,,,,
*,,,,,,,,,,,,,,,,,,,,,,,,,,
*,,,,,,,,,,,,,,,,,,,,,,,,,,
*,,,,,,,,,,,,,,,,,,,,,,,,,,
*,,,,,,,,,,,,,,,,,,,,,,,,,,
*,,,,,,,,,,,,,,,,,,,,,,,,,,
*,,,,,,,,,,,,,,,,,,,,,,,,,,
*,,,,,,,,,,,,,,,,,,,,,,,,,,
*,,,,,,,,,,,,,,,,,,,,,,,,,,
*,,,,,,,,,,,,,,,,,,,,,,,,,,
*,,,,,,,,,,,,,,,,,,,,,,,,,,
*,,,,,,,,,,,,,,,,,,,,,,,,,,
*,,,,,,,,,,,,,,,,,,,,,,,,,,
*,,,,,,,,,,,,,,,,,,,,,,,,,,
*,,,,,,,,,,,,,,,,,,,,,,,,,,
*,,,,,,,,,,,,,,,,,,,,,,,,,,
*,,,,,,,,,,,,,,,,,,,,,,,,,,
*,,,,,,,,,,,,,,,,,,,,,,,,,,
*,,,,,,,,,,,,,,,,,,,,,,,,,,
*,,,,,,,,,,,,,,,,,,,,,,,,,,
*,,,,,,,,,,,,,,,,,,,,,,,,,,
*,,,,,,,,,,,,,,,,,,,,,,,,,,
*,,,,,,,,,,,,,,,,,,,,,,,,,,
*,,,,,,,,,,,,,,,,,,,,,,,,,,
*,,,,,,,,,,,,,,,,,,,,,,,,,,
*,,,,,,,,,,,,,,,,,,,,,,,,,,
*,,,,,,,,,,,,,,,,,,,,,,,,,,
*,,,,,,,,,,,,,,,,,,,,,,,,,,
*,,,,,,,,,,,,,,,,,,,,,,,,,,
*,,,,,,,,,,,,,,,,,,,,,,,,,,
*,,,,,,,,,,,,,,,,,,,,,,,,,,
*,,,,,,,,,,,,,,,,,,,,,,,,,,
*,,,,,,,,,,,,,,,,,,,,,,,,,,
*,,,,,,,,,,,,,,,,,,,,,,,,,,
*,,,,,,,,,,,,,,,,,,,,,,,,,,
*,,,,,,,,,,,,,,,,,,,,,,,,,,
*,,,,,,,,,,,,,,,,,,,,,,,,,,
*,,,,,,,,,,,,,,,,,,,,,,,,,,
*,,,,,,,,,,,,,,,,,,,,,,,,,,
*,,,,,,,,,,,,,,,,,,,,,,,,,,
*,,,,,,,,,,,,,,,,,,,,,,,,,,
*,,,,,,,,,,,,,,,,,,,,,,,,,,
*,,,,,,,,,,,,,,,,,,,,,,,,,,
*,,,,,,,,,,,,,,,,,,,,,,,,,,
*,,,,,,,,,,,,,,,,,,,,,,,,,,
*,,,,,,,,,,,,,,,,,,,,,,,,,,
*,,,,,,,,,,,,,,,,,,,,,,,,,,
*,,,,,,,,,,,,,,,,,,,,,,,,,,
*,,,,,,,,,,,,,,,,,,,,,,,,,,
*,,,,,,,,,,,,,,,,,,,,,,,,,,
*,,,,,,,,,,,,,,,,,,,,,,,,,,
*,,,,,,,,,,,,,,,,,,,,,,,,,,
*,,,,,,,,,,,,,,,,,,,,,,,,,,
*,,,,,,,,,,,,,,,,,,,,,,,,,,
*,,,,,,,,,,,,,,,,,,,,,,,,,,
*,,,,,,,,,,,,,,,,,,,,,,,,,,
*,,,,,,,,,,,,,,,,,,,,,,,,,,
*,,,,,,,,,,,,,,,,,,,,,,,,,,
*,,,,,,,,,,,,,,,,,,,,,,,,,,
*,,,,,,,,,,,,,,,,,,,,,,,,,,
*,,,,,,,,,,,,,,,,,,,,,,,,,,
*,,,,,,,,,,,,,,,,,,,,,,,,,,
*,,,,,,,,,,,,,,,,,,,,,,,,,,
*,,,,,,,,,,,,,,,,,,,,,,,,,,
*,,,,,,,,,,,,,,,,,,,,,,,,,,
*,,,,,,,,,,,,,,,,,,,,,,,,,,
*,,,,,,,,,,,,,,,,,,,,,,,,,,
*,,,,,,,,,,,,,,,,,,,,,,,,,,
*,,,,,,,,,,,,,,,,,,,,,,,,,,
*,,,,,,,,,,,,,,,,,,,,,,,,,,
*,,,,,,,,,,,,,,,,,,,,,,,,,,
*,,,,,,,,,,,,,,,,,,,,,,,,,,
*,,,,,,,,,,,,,,,,,,,,,,,,,,
*,,,,,,,,,,,,,,,,,,,,,,,,,,
*,,,,,,,,,,,,,,,,,,,,,,,,,,
*,,,,,,,,,,,,,,,,,,,,,,,,,,
*,,,,,,,,,,,,,,,,,,,,,,,,,,
*,,,,,,,,,,,,,,,,,,,,,,,,,,
*,,,,,,,,,,,,,,,,,,,,,,,,,,
*,,,,,,,,,,,,,,,,,,,,,,,,,,
*,,,,,,,,,,,,,,,,,,,,,,,,,,
*,,,,,,,,,,,,,,,,,,,,,,,,,,
*,,,,,,,,,,,,,,,,,,,,,,,,,,
*,,,,,,,,,,,,,,,,,,,,,,,,,,
*,,,,,,,,,,,,,,,,,,,,,,,,,,
*,,,,,,,,,,,,,,,,,,,,,,,,,,
*,,,,,,,,,,,,,,,,,,,,,,,,,,
*,,,,,,,,,,,,,,,,,,,,,,,,,,
*,,,,,,,,,,,,,,,,,,,,,,,,,,
*,,,,,,,,,,,,,,,,,,,,,,,,,,
*,,,,,,,,,,,,,,,,,,,,,,,,,,
*,,,,,,,,,,,,,,,,,,,,,,,,,,
*,,,,,,,,,,,,,,,,,,,,,,,,,,
*,,,,,,,,,,,,,,,,,,,,,,,,,,
*,,,,,,,,,,,,,,,,,,,,,,,,,,
*,,,,,,,,,,,,,,,,,,,,,,,,,,
*,,,,,,,,,,,,,,,,,,,,,,,,,,
*,,,,,,,,,,,,,,,,,,,,,,,,,,
*,,,,,,,,,,,,,,,,,,,,,,,,,,
*,,,,,,,,,,,,,,,,,,,,,,,,,,
*,,,,,,,,,,,,,,,,,,,,,,,,,,
*,,,,,,,,,,,,,,,,,,,,,,,,,,
*,,,,,,,,,,,,,,,,,,,,,,,,,,
*,,,,,,,,,,,,,,,,,,,,,,,,,,
*,,,,,,,,,,,,,,,,,,,,,,,,,,
*,,,,,,,,,,,,,,,,,,,,,,,,,,
*,,,,,,,,,,,,,,,,,,,,,,,,,,
*,,,,,,,,,,,,,,,,,,,,,,,,,,
*,,,,,,,,,,,,,,,,,,,,,,,,,,
*,,,,,,,,,,,,,,,,,,,,,,,,,,
*,,,,,,,,,,,,,,,,,,,,,,,,,,
*,,,,,,,,,,,,,,,,,,,,,,,,,,
*,,,,,,,,,,,,,,,,,,,,,,,,,,
*,,,,,,,,,,,,,,,,,,,,,,,,,,
*,,,,,,,,,,,,,,,,,,,,,,,,,,
*,,,,,,,,,,,,,,,,,,,,,,,,,,
*,,,,,,,,,,,,,,,,,,,,,,,,,,
*,,,,,,,,,,,,,,,,,,,,,,,,,,
*,,,,,,,,,,,,,,,,,,,,,,,,,,
*,,,,,,,,,,,,,,,,,,,,,,,,,,
*,,,,,,,,,,,,,,,,,,,,,,,,,,
*,,,,,,,,,,,,,,,,,,,,,,,,,,
*,,,,,,,,,,,,,,,,,,,,,,,,,,
*,,,,,,,,,,,,,,,,,,,,,,,,,,
*,,,,,,,,,,,,,,,,,,,,,,,,,,
*,,,,,,,,,,,,,,,,,,,,,,,,,,
*,,,,,,,,,,,,,,,,,,,,,,,,,,
*,,,,,,,,,,,,,,,,,,,,,,,,,,
*,,,,,,,,,,,,,,,,,,,,,,,,,,
*,,,,,,,,,,,,,,,,,,,,,,,,,,
*,,,,,,,,,,,,,,,,,,,,,,,,,,
*,,,,,,,,,,,,,,,,,,,,,,,,,,
*,,,,,,,,,,,,,,,,,,,,,,,,,,
*,,,,,,,,,,,,,,,,,,,,,,,,,,
*,,,,,,,,,,,,,,,,,,,,,,,,,,
*,,,,,,,,,,,,,,,,,,,,,,,,,,
*,,,,,,,,,,,,,,,,,,,,,,,,,,
*,,,,,,,,,,,,,,,,,,,,,,,,,,
*,,,,,,,,,,,,,,,,,,,,,,,,,,
*,,,,,,,,,,,,,,,,,,,,,,,,,,
*,,,,,,,,,,,,,,,,,,,,,,,,,,
*,,,,,,,,,,,,,,,,,,,,,,,,,,
*,,,,,,,,,,,,,,,,,,,,,,,,,,
*,,,,,,,,,,,,,,,,,,,,,,,,,,
*,,,,,,,,,,,,,,,,,,,,,,,,,,
*,,,,,,,,,,,,,,,,,,,,,,,,,,
*,,,,,,,,,,,,,,,,,,,,,,,,,,
*,,,,,,,,,,,,,,,,,,,,,,,,,,
*,,,,,,,,,,,,,,,,,,,,,,,,,,
*,,,,,,,,,,,,,,,,,,,,,,,,,,
*,,,,,,,,,,,,,,,,,,,,,,,,,,
*,,,,,,,,,,,,,,,,,,,,,,,,,,
*,,,,,,,,,,,,,,,,,,,,,,,,,,
*,,,,,,,,,,,,,,,,,,,,,,,,,,
*,,,,,,,,,,,,,,,,,,,,,,,,,,
*,,,,,,,,,,,,,,,,,,,,,,,,,,
*,,,,,,,,,,,,,,,,,,,,,,,,,,
*,,,,,,,,,,,,,,,,,,,,,,,,,,
*,,,,,,,,,,,,,,,,,,,,,,,,,,
*,,,,,,,,,,,,,,,,,,,,,,,,,,
*,,,,,,,,,,,,,,,,,,,,,,,,,,
*,,,,,,,,,,,,,,,,,,,,,,,,,,
*,,,,,,,,,,,,,,,,,,,,,,,,,,
*,,,,,,,,,,,,,,,,,,,,,,,,,,
*,,,,,,,,,,,,,,,,,,,,,,,,,,
*,,,,,,,,,,,,,,,,,,,,,,,,,,
*,,,,,,,,,,,,,,,,,,,,,,,,,,
*,,,,,,,,,,,,,,,,,,,,,,,,,,
*,,,,,,,,,,,,,,,,,,,,,,,,,,
*,,,,,,,,,,,,,,,,,,,,,,,,,,
*,,,,,,,,,,,,,,,,,,,,,,,,,,
*,,,,,,,,,,,,,,,,,,,,,,,,,,
*,,,,,,,,,,,,,,,,,,,,,,,,,,
*,,,,,,,,,,,,,,,,,,,,,,,,,,
*,,,,,,,,,,,,,,,,,,,,,,,,,,
*,,,,,,,,,,,,,,,,,,,,,,,,,,
*,,,,,,,,,,,,,,,,,,,,,,,,,,
*,,,,,,,,,,,,,,,,,,,,,,,,,,
*,,,,,,,,,,,,,,,,,,,,,,,,,,
*,,,,,,,,,,,,,,,,,,,,,,,,,,
*,,,,,,,,,,,,,,,,,,,,,,,,,,
*,,,,,,,,,,,,,,,,,,,,,,,,,,
*,,,,,,,,,,,,,,,,,,,,,,,,,,
*,,,,,,,,,,,,,,,,,,,,,,,,,,
*,,,,,,,,,,,,,,,,,,,,,,,,,,
*,,,,,,,,,,,,,,,,,,,,,,,,,,
*,,,,,,,,,,,,,,,,,,,,,,,,,,
*,,,,,,,,,,,,,,,,,,,,,,,,,,
*,,,,,,,,,,,,,,,,,,,,,,,,,,
*,,,,,,,,,,,,,,,,,,,,,,,,,,
*,,,,,,,,,,,,,,,,,,,,,,,,,,
*,,,,,,,,,,,,,,,,,,,,,,,,,,
*,,,,,,,,,,,,,,,,,,,,,,,,,,
*,,,,,,,,,,,,,,,,,,,,,,,,,,
*,,,,,,,,,,,,,,,,,,,,,,,,,,
*,,,,,,,,,,,,,,,,,,,,,,,,,,
*,,,,,,,,,,,,,,,,,,,,,,,,,,
*,,,,,,,,,,,,,,,,,,,,,,,,,,
*,,,,,,,,,,,,,,,,,,,,,,,,,,
*,,,,,,,,,,,,,,,,,,,,,,,,,,
*,,,,,,,,,,,,,,,,,,,,,,,,,,
*,,,,,,,,,,,,,,,,,,,,,,,,,,
*,,,,,,,,,,,,,,,,,,,,,,,,,,
*,,,,,,,,,,,,,,,,,,,,,,,,,,
*,,,,,,,,,,,,,,,,,,,,,,,,,,
*,,,,,,,,,,,,,,,,,,,,,,,,,,
*,,,,,,,,,,,,,,,,,,,,,,,,,,
*,,,,,,,,,,,,,,,,,,,,,,,,,,
*,,,,,,,,,,,,,,,,,,,,,,,,,,
*,,,,,,,,,,,,,,,,,,,,,,,,,,
*,,,,,,,,,,,,,,,,,,,,,,,,,,
*,,,,,,,,,,,,,,,,,,,,,,,,,,
*,,,,,,,,,,,,,,,,,,,,,,,,,,
*,,,,,,,,,,,,,,,,,,,,,,,,,,
*,,,,,,,,,,,,,,,,,,,,,,,,,,
*,,,,,,,,,,,,,,,,,,,,,,,,,,
*,,,,,,,,,,,,,,,,,,,,,,,,,,
*,,,,,,,,,,,,,,,,,,,,,,,,,,
*,,,,,,,,,,,,,,,,,,,,,,,,,,
*,,,,,,,,,,,,,,,,,,,,,,,,,,
*,,,,,,,,,,,,,,,,,,,,,,,,,,
*,,,,,,,,,,,,,,,,,,,,,,,,,,
*,,,,,,,,,,,,,,,,,,,,,,,,,,
*,,,,,,,,,,,,,,,,,,,,,,,,,,
*,,,,,,,,,,,,,,,,,,,,,,,,,,
*,,,,,,,,,,,,,,,,,,,,,,,,,,
*,,,,,,,,,,,,,,,,,,,,,,,,,,
*,,,,,,,,,,,,,,,,,,,,,,,,,,
*,,,,,,,,,,,,,,,,,,,,,,,,,,
*,,,,,,,,,,,,,,,,,,,,,,,,,,
*,,,,,,,,,,,,,,,,,,,,,,,,,,
*,,,,,,,,,,,,,,,,,,,,,,,,,,
*,,,,,,,,,,,,,,,,,,,,,,,,,,
*,,,,,,,,,,,,,,,,,,,,,,,,,,
*,,,,,,,,,,,,,,,,,,,,,,,,,,
*,,,,,,,,,,,,,,,,,,,,,,,,,,
*,,,,,,,,,,,,,,,,,,,,,,,,,,
*,,,,,,,,,,,,,,,,,,,,,,,,,,
*,,,,,,,,,,,,,,,,,,,,,,,,,,
*,,,,,,,,,,,,,,,,,,,,,,,,,,
*,,,,,,,,,,,,,,,,,,,,,,,,,,
*,,,,,,,,,,,,,,,,,,,,,,,,,,
*,,,,,,,,,,,,,,,,,,,,,,,,,,
*,,,,,,,,,,,,,,,,,,,,,,,,,,
*,,,,,,,,,,,,,,,,,,,,,,,,,,
*,,,,,,,,,,,,,,,,,,,,,,,,,,
*,,,,,,,,,,,,,,,,,,,,,,,,,,
*,,,,,,,,,,,,,,,,,,,,,,,,,,
*,,,,,,,,,,,,,,,,,,,,,,,,,,
*,,,,,,,,,,,,,,,,,,,,,,,,,,
*,,,,,,,,,,,,,,,,,,,,,,,,,,
*,,,,,,,,,,,,,,,,,,,,,,,,,,
*,,,,,,,,,,,,,,,,,,,,,,,,,,
*,,,,,,,,,,,,,,,,,,,,,,,,,,
*,,,,,,,,,,,,,,,,,,,,,,,,,,
*,,,,,,,,,,,,,,,,,,,,,,,,,,
*,,,,,,,,,,,,,,,,,,,,,,,,,,
*,,,,,,,,,,,,,,,,,,,,,,,,,,
*,,,,,,,,,,,,,,,,,,,,,,,,,,
*,,,,,,,,,,,,,,,,,,,,,,,,,,
*,,,,,,,,,,,,,,,,,,,,,,,,,,
*,,,,,,,,,,,,,,,,,,,,,,,,,,
*,,,,,,,,,,,,,,,,,,,,,,,,,,
*,,,,,,,,,,,,,,,,,,,,,,,,,,
*,,,,,,,,,,,,,,,,,,,,,,,,,,
*,,,,,,,,,,,,,,,,,,,,,,,,,,
*,,,,,,,,,,,,,,,,,,,,,,,,,,
*,,,,,,,,,,,,,,,,,,,,,,,,,,
*,,,,,,,,,,,,,,,,,,,,,,,,,,
*,,,,,,,,,,,,,,,,,,,,,,,,,,
*,,,,,,,,,,,,,,,,,,,,,,,,,,
*,,,,,,,,,,,,,,,,,,,,,,,,,,
*,,,,,,,,,,,,,,,,,,,,,,,,,,
*,,,,,,,,,,,,,,,,,,,,,,,,,,
*,,,,,,,,,,,,,,,,,,,,,,,,,,
*,,,,,,,,,,,,,,,,,,,,,,,,,,
*,,,,,,,,,,,,,,,,,,,,,,,,,,
*,,,,,,,,,,,,,,,,,,,,,,,,,,
*,,,,,,,,,,,,,,,,,,,,,,,,,,
*,,,,,,,,,,,,,,,,,,,,,,,,,,
*,,,,,,,,,,,,,,,,,,,,,,,,,,
*,,,,,,,,,,,,,,,,,,,,,,,,,,
*,,,,,,,,,,,,,,,,,,,,,,,,,,
*,,,,,,,,,,,,,,,,,,,,,,,,,,
*,,,,,,,,,,,,,,,,,,,,,,,,,,
*,,,,,,,,,,,,,,,,,,,,,,,,,,
*,,,,,,,,,,,,,,,,,,,,,,,,,,
*,,,,,,,,,,,,,,,,,,,,,,,,,,
*,,,,,,,,,,,,,,,,,,,,,,,,,,
*,,,,,,,,,,,,,,,,,,,,,,,,,,
*,,,,,,,,,,,,,,,,,,,,,,,,,,
*,,,,,,,,,,,,,,,,,,,,,,,,,,
*,,,,,,,,,,,,,,,,,,,,,,,,,,
*,,,,,,,,,,,,,,,,,,,,,,,,,,
*,,,,,,,,,,,,,,,,,,,,,,,,,,
*,,,,,,,,,,,,,,,,,,,,,,,,,,
*,,,,,,,,,,,,,,,,,,,,,,,,,,
*,,,,,,,,,,,,,,,,,,,,,,,,,,
*,,,,,,,,,,,,,,,,,,,,,,,,,,
*,,,,,,,,,,,,,,,,,,,,,,,,,,
*,,,,,,,,,,,,,,,,,,,,,,,,,,
*,,,,,,,,,,,,,,,,,,,,,,,,,,
*,,,,,,,,,,,,,,,,,,,,,,,,,,
*,,,,,,,,,,,,,,,,,,,,,,,,,,
*,,,,,,,,,,,,,,,,,,,,,,,,,,
*,,,,,,,,,,,,,,,,,,,,,,,,,,
*,,,,,,,,,,,,,,,,,,,,,,,,,,
*,,,,,,,,,,,,,,,,,,,,,,,,,,
*,,,,,,,,,,,,,,,,,,,,,,,,,,
*,,,,,,,,,,,,,,,,,,,,,,,,,,
*,,,,,,,,,,,,,,,,,,,,,,,,,,
*,,,,,,,,,,,,,,,,,,,,,,,,,,
*,,,,,,,,,,,,,,,,,,,,,,,,,,
*,,,,,,,,,,,,,,,,,,,,,,,,,,
*,,,,,,,,,,,,,,,,,,,,,,,,,,
*,,,,,,,,,,,,,,,,,,,,,,,,,,
*,,,,,,,,,,,,,,,,,,,,,,,,,,
*,,,,,,,,,,,,,,,,,,,,,,,,,,
*,,,,,,,,,,,,,,,,,,,,,,,,,,
*,,,,,,,,,,,,,,,,,,,,,,,,,,
*,,,,,,,,,,,,,,,,,,,,,,,,,,
*,,,,,,,,,,,,,,,,,,,,,,,,,,
*,,,,,,,,,,,,,,,,,,,,,,,,,,
*,,,,,,,,,,,,,,,,,,,,,,,,,,
*,,,,,,,,,,,,,,,,,,,,,,,,,,
*,,,,,,,,,,,,,,,,,,,,,,,,,,
*,,,,,,,,,,,,,,,,,,,,,,,,,,
*,,,,,,,,,,,,,,,,,,,,,,,,,,
*,,,,,,,,,,,,,,,,,,,,,,,,,,
*,,,,,,,,,,,,,,,,,,,,,,,,,,
*,,,,,,,,,,,,,,,,,,,,,,,,,,
*,,,,,,,,,,,,,,,,,,,,,,,,,,
*,,,,,,,,,,,,,,,,,,,,,,,,,,
*,,,,,,,,,,,,,,,,,,,,,,,,,,
*,,,,,,,,,,,,,,,,,,,,,,,,,,
*,,,,,,,,,,,,,,,,,,,,,,,,,,
*,,,,,,,,,,,,,,,,,,,,,,,,,,
*,,,,,,,,,,,,,,,,,,,,,,,,,,
*,,,,,,,,,,,,,,,,,,,,,,,,,,
*,,,,,,,,,,,,,,,,,,,,,,,,,,
*,,,,,,,,,,,,,,,,,,,,,,,,,,
*,,,,,,,,,,,,,,,,,,,,,,,,,,
*,,,,,,,,,,,,,,,,,,,,,,,,,,
*,,,,,,,,,,,,,,,,,,,,,,,,,,
*,,,,,,,,,,,,,,,,,,,,,,,,,,
*,,,,,,,,,,,,,,,,,,,,,,,,,,
*,,,,,,,,,,,,,,,,,,,,,,,,,,
*,,,,,,,,,,,,,,,,,,,,,,,,,,
*,,,,,,,,,,,,,,,,,,,,,,,,,,
*,,,,,,,,,,,,,,,,,,,,,,,,,,
*,,,,,,,,,,,,,,,,,,,,,,,,,,
*,,,,,,,,,,,,,,,,,,,,,,,,,,
*,,,,,,,,,,,,,,,,,,,,,,,,,,
*,,,,,,,,,,,,,,,,,,,,,,,,,,
*,,,,,,,,,,,,,,,,,,,,,,,,,,
*,,,,,,,,,,,,,,,,,,,,,,,,,,
*,,,,,,,,,,,,,,,,,,,,,,,,,,
*,,,,,,,,,,,,,,,,,,,,,,,,,,
*,,,,,,,,,,,,,,,,,,,,,,,,,,
*,,,,,,,,,,,,,,,,,,,,,,,,,,
*,,,,,,,,,,,,,,,,,,,,,,,,,,
*,,,,,,,,,,,,,,,,,,,,,,,,,,
*,,,,,,,,,,,,,,,,,,,,,,,,,,
*,,,,,,,,,,,,,,,,,,,,,,,,,,
*,,,,,,,,,,,,,,,,,,,,,,,,,,
*,,,,,,,,,,,,,,,,,,,,,,,,,,
*,,,,,,,,,,,,,,,,,,,,,,,,,,
*,,,,,,,,,,,,,,,,,,,,,,,,,,
*,,,,,,,,,,,,,,,,,,,,,,,,,,
*,,,,,,,,,,,,,,,,,,,,,,,,,,
*,,,,,,,,,,,,,,,,,,,,,,,,,,
*,,,,,,,,,,,,,,,,,,,,,,,,,,
*,,,,,,,,,,,,,,,,,,,,,,,,,,
*,,,,,,,,,,,,,,,,,,,,,,,,,,
*,,,,,,,,,,,,,,,,,,,,,,,,,,
*,,,,,,,,,,,,,,,,,,,,,,,,,,
*,,,,,,,,,,,,,,,,,,,,,,,,,,
*,,,,,,,,,,,,,,,,,,,,,,,,,,
*,,,,,,,,,,,,,,,,,,,,,,,,,,
*,,,,,,,,,,,,,,,,,,,,,,,,,,
*,,,,,,,,,,,,,,,,,,,,,,,,,,
*,,,,,,,,,,,,,,,,,,,,,,,,,,
*,,,,,,,,,,,,,,,,,,,,,,,,,,
*,,,,,,,,,,,,,,,,,,,,,,,,,,
*,,,,,,,,,,,,,,,,,,,,,,,,,,
*,,,,,,,,,,,,,,,,,,,,,,,,,,
*,,,,,,,,,,,,,,,,,,,,,,,,,,
*,,,,,,,,,,,,,,,,,,,,,,,,,,
*,,,,,,,,,,,,,,,,,,,,,,,,,,
*,,,,,,,,,,,,,,,,,,,,,,,,,,
*,,,,,,,,,,,,,,,,,,,,,,,,,,
*,,,,,,,,,,,,,,,,,,,,,,,,,,
*,,,,,,,,,,,,,,,,,,,,,,,,,,
*,,,,,,,,,,,,,,,,,,,,,,,,,,
*,,,,,,,,,,,,,,,,,,,,,,,,,,
*,,,,,,,,,,,,,,,,,,,,,,,,,,
*,,,,,,,,,,,,,,,,,,,,,,,,,,
*,,,,,,,,,,,,,,,,,,,,,,,,,,
*,,,,,,,,,,,,,,,,,,,,,,,,,,
*,,,,,,,,,,,,,,,,,,,,,,,,,,
*,,,,,,,,,,,,,,,,,,,,,,,,,,
*,,,,,,,,,,,,,,,,,,,,,,,,,,
*,,,,,,,,,,,,,,,,,,,,,,,,,,
*,,,,,,,,,,,,,,,,,,,,,,,,,,
*,,,,,,,,,,,,,,,,,,,,,,,,,,
*,,,,,,,,,,,,,,,,,,,,,,,,,,
*,,,,,,,,,,,,,,,,,,,,,,,,,,
*,,,,,,,,,,,,,,,,,,,,,,,,,,
*,,,,,,,,,,,,,,,,,,,,,,,,,,
*,,,,,,,,,,,,,,,,,,,,,,,,,,
*,,,,,,,,,,,,,,,,,,,,,,,,,,
*,,,,,,,,,,,,,,,,,,,,,,,,,,
*,,,,,,,,,,,,,,,,,,,,,,,,,,
*,,,,,,,,,,,,,,,,,,,,,,,,,,
*,,,,,,,,,,,,,,,,,,,,,,,,,,
*,,,,,,,,,,,,,,,,,,,,,,,,,,
*,,,,,,,,,,,,,,,,,,,,,,,,,,
*,,,,,,,,,,,,,,,,,,,,,,,,,,
*,,,,,,,,,,,,,,,,,,,,,,,,,,
*,,,,,,,,,,,,,,,,,,,,,,,,,,
*,,,,,,,,,,,,,,,,,,,,,,,,,,
*,,,,,,,,,,,,,,,,,,,,,,,,,,
*,,,,,,,,,,,,,,,,,,,,,,,,,,
*,,,,,,,,,,,,,,,,,,,,,,,,,,
*,,,,,,,,,,,,,,,,,,,,,,,,,,
*,,,,,,,,,,,,,,,,,,,,,,,,,,
*,,,,,,,,,,,,,,,,,,,,,,,,,,
*,,,,,,,,,,,,,,,,,,,,,,,,,,
*,,,,,,,,,,,,,,,,,,,,,,,,,,
*,,,,,,,,,,,,,,,,,,,,,,,,,,
*,,,,,,,,,,,,,,,,,,,,,,,,,,
*,,,,,,,,,,,,,,,,,,,,,,,,,,
*,,,,,,,,,,,,,,,,,,,,,,,,,,
*,,,,,,,,,,,,,,,,,,,,,,,,,,
*,,,,,,,,,,,,,,,,,,,,,,,,,,
*,,,,,,,,,,,,,,,,,,,,,,,,,,
*,,,,,,,,,,,,,,,,,,,,,,,,,,
*,,,,,,,,,,,,,,,,,,,,,,,,,,
*,,,,,,,,,,,,,,,,,,,,,,,,,,
*,,,,,,,,,,,,,,,,,,,,,,,,,,
*,,,,,,,,,,,,,,,,,,,,,,,,,,
*,,,,,,,,,,,,,,,,,,,,,,,,,,
*,,,,,,,,,,,,,,,,,,,,,,,,,,
*,,,,,,,,,,,,,,,,,,,,,,,,,,
*,,,,,,,,,,,,,,,,,,,,,,,,,,
*,,,,,,,,,,,,,,,,,,,,,,,,,,
*,,,,,,,,,,,,,,,,,,,,,,,,,,
*,,,,,,,,,,,,,,,,,,,,,,,,,,
*,,,,,,,,,,,,,,,,,,,,,,,,,,
*,,,,,,,,,,,,,,,,,,,,,,,,,,
*,,,,,,,,,,,,,,,,,,,,,,,,,,
*,,,,,,,,,,,,,,,,,,,,,,,,,,
*,,,,,,,,,,,,,,,,,,,,,,,,,,
*,,,,,,,,,,,,,,,,,,,,,,,,,,
*,,,,,,,,,,,,,,,,,,,,,,,,,,
*,,,,,,,,,,,,,,,,,,,,,,,,,,
*,,,,,,,,,,,,,,,,,,,,,,,,,,
*,,,,,,,,,,,,,,,,,,,,,,,,,,
*,,,,,,,,,,,,,,,,,,,,,,,,,,
*,,,,,,,,,,,,,,,,,,,,,,,,,,
*,,,,,,,,,,,,,,,,,,,,,,,,,,
*,,,,,,,,,,,,,,,,,,,,,,,,,,
*,,,,,,,,,,,,,,,,,,,,,,,,,,
*,,,,,,,,,,,,,,,,,,,,,,,,,,
*,,,,,,,,,,,,,,,,,,,,,,,,,,
*,,,,,,,,,,,,,,,,,,,,,,,,,,
*,,,,,,,,,,,,,,,,,,,,,,,,,,
*,,,,,,,,,,,,,,,,,,,,,,,,,,
*,,,,,,,,,,,,,,,,,,,,,,,,,,
*,,,,,,,,,,,,,,,,,,,,,,,,,,
*,,,,,,,,,,,,,,,,,,,,,,,,,,
*,,,,,,,,,,,,,,,,,,,,,,,,,,
*,,,,,,,,,,,,,,,,,,,,,,,,,,
*,,,,,,,,,,,,,,,,,,,,,,,,,,
*,,,,,,,,,,,,,,,,,,,,,,,,,,
*,,,,,,,,,,,,,,,,,,,,,,,,,,
*,,,,,,,,,,,,,,,,,,,,,,,,,,
*,,,,,,,,,,,,,,,,,,,,,,,,,,
*,,,,,,,,,,,,,,,,,,,,,,,,,,
*,,,,,,,,,,,,,,,,,,,,,,,,,,
*,,,,,,,,,,,,,,,,,,,,,,,,,,
*,,,,,,,,,,,,,,,,,,,,,,,,,,
*,,,,,,,,,,,,,,,,,,,,,,,,,,
*,,,,,,,,,,,,,,,,,,,,,,,,,,
*,,,,,,,,,,,,,,,,,,,,,,,,,,
*,,,,,,,,,,,,,,,,,,,,,,,,,,
*,,,,,,,,,,,,,,,,,,,,,,,,,,
*,,,,,,,,,,,,,,,,,,,,,,,,,,
*,,,,,,,,,,,,,,,,,,,,,,,,,,
*,,,,,,,,,,,,,,,,,,,,,,,,,,
*,,,,,,,,,,,,,,,,,,,,,,,,,,
*,,,,,,,,,,,,,,,,,,,,,,,,,,
*,,,,,,,,,,,,,,,,,,,,,,,,,,
*,,,,,,,,,,,,,,,,,,,,,,,,,,
*,,,,,,,,,,,,,,,,,,,,,,,,,,
*,,,,,,,,,,,,,,,,,,,,,,,,,,
*,,,,,,,,,,,,,,,,,,,,,,,,,,
*,,,,,,,,,,,,,,,,,,,,,,,,,,
*,,,,,,,,,,,,,,,,,,,,,,,,,,
*,,,,,,,,,,,,,,,,,,,,,,,,,,
*,,,,,,,,,,,,,,,,,,,,,,,,,,
*,,,,,,,,,,,,,,,,,,,,,,,,,,
*,,,,,,,,,,,,,,,,,,,,,,,,,,
*,,,,,,,,,,,,,,,,,,,,,,,,,,
*,,,,,,,,,,,,,,,,,,,,,,,,,,
*,,,,,,,,,,,,,,,,,,,,,,,,,,
*,,,,,,,,,,,,,,,,,,,,,,,,,,
*,,,,,,,,,,,,,,,,,,,,,,,,,,
*,,,,,,,,,,,,,,,,,,,,,,,,,,
*,,,,,,,,,,,,,,,,,,,,,,,,,,
*,,,,,,,,,,,,,,,,,,,,,,,,,,
*,,,,,,,,,,,,,,,,,,,,,,,,,,
*,,,,,,,,,,,,,,,,,,,,,,,,,,
*,,,,,,,,,,,,,,,,,,,,,,,,,,
*,,,,,,,,,,,,,,,,,,,,,,,,,,
*,,,,,,,,,,,,,,,,,,,,,,,,,,
*,,,,,,,,,,,,,,,,,,,,,,,,,,
*,,,,,,,,,,,,,,,,,,,,,,,,,,
*,,,,,,,,,,,,,,,,,,,,,,,,,,
*,,,,,,,,,,,,,,,,,,,,,,,,,,
*,,,,,,,,,,,,,,,,,,,,,,,,,,
*,,,,,,,,,,,,,,,,,,,,,,,,,,
*,,,,,,,,,,,,,,,,,,,,,,,,,,
*,,,,,,,,,,,,,,,,,,,,,,,,,,
*,,,,,,,,,,,,,,,,,,,,,,,,,,
*,,,,,,,,,,,,,,,,,,,,,,,,,,
*,,,,,,,,,,,,,,,,,,,,,,,,,,
*,,,,,,,,,,,,,,,,,,,,,,,,,,
*,,,,,,,,,,,,,,,,,,,,,,,,,,
*,,,,,,,,,,,,,,,,,,,,,,,,,,
*,,,,,,,,,,,,,,,,,,,,,,,,,,
*,,,,,,,,,,,,,,,,,,,,,,,,,,
*,,,,,,,,,,,,,,,,,,,,,,,,,,
*,,,,,,,,,,,,,,,,,,,,,,,,,,
*,,,,,,,,,,,,,,,,,,,,,,,,,,
*,,,,,,,,,,,,,,,,,,,,,,,,,,
*,,,,,,,,,,,,,,,,,,,,,,,,,,
*,,,,,,,,,,,,,,,,,,,,,,,,,,
*,,,,,,,,,,,,,,,,,,,,,,,,,,
*,,,,,,,,,,,,,,,,,,,,,,,,,,
*,,,,,,,,,,,,,,,,,,,,,,,,,,
*,,,,,,,,,,,,,,,,,,,,,,,,,,
*,,,,,,,,,,,,,,,,,,,,,,,,,,
*,,,,,,,,,,,,,,,,,,,,,,,,,,
*,,,,,,,,,,,,,,,,,,,,,,,,,,
*,,,,,,,,,,,,,,,,,,,,,,,,,,
*,,,,,,,,,,,,,,,,,,,,,,,,,,
*,,,,,,,,,,,,,,,,,,,,,,,,,,
*,,,,,,,,,,,,,,,,,,,,,,,,,,
*,,,,,,,,,,,,,,,,,,,,,,,,,,
*,,,,,,,,,,,,,,,,,,,,,,,,,,
*,,,,,,,,,,,,,,,,,,,,,,,,,,
*,,,,,,,,,,,,,,,,,,,,,,,,,,
*,,,,,,,,,,,,,,,,,,,,,,,,,,
*,,,,,,,,,,,,,,,,,,,,,,,,,,
*,,,,,,,,,,,,,,,,,,,,,,,,,,
*,,,,,,,,,,,,,,,,,,,,,,,,,,
*,,,,,,,,,,,,,,,,,,,,,,,,,,
*,,,,,,,,,,,,,,,,,,,,,,,,,,
*,,,,,,,,,,,,,,,,,,,,,,,,,,
*,,,,,,,,,,,,,,,,,,,,,,,,,,
*,,,,,,,,,,,,,,,,,,,,,,,,,,
*,,,,,,,,,,,,,,,,,,,,,,,,,,
*,,,,,,,,,,,,,,,,,,,,,,,,,,
*,,,,,,,,,,,,,,,,,,,,,,,,,,
*,,,,,,,,,,,,,,,,,,,,,,,,,,
*,,,,,,,,,,,,,,,,,,,,,,,,,,
*,,,,,,,,,,,,,,,,,,,,,,,,,,
*,,,,,,,,,,,,,,,,,,,,,,,,,,
*,,,,,,,,,,,,,,,,,,,,,,,,,,
*,,,,,,,,,,,,,,,,,,,,,,,,,,
*,,,,,,,,,,,,,,,,,,,,,,,,,,
*,,,,,,,,,,,,,,,,,,,,,,,,,,
*,,,,,,,,,,,,,,,,,,,,,,,,,,
*,,,,,,,,,,,,,,,,,,,,,,,,,,
*,,,,,,,,,,,,,,,,,,,,,,,,,,
*,,,,,,,,,,,,,,,,,,,,,,,,,,
*,,,,,,,,,,,,,,,,,,,,,,,,,,
*,,,,,,,,,,,,,,,,,,,,,,,,,,
*,,,,,,,,,,,,,,,,,,,,,,,,,,
*,,,,,,,,,,,,,,,,,,,,,,,,,,
*,,,,,,,,,,,,,,,,,,,,,,,,,,
*,,,,,,,,,,,,,,,,,,,,,,,,,,
*,,,,,,,,,,,,,,,,,,,,,,,,,,
*,,,,,,,,,,,,,,,,,,,,,,,,,,
*,,,,,,,,,,,,,,,,,,,,,,,,,,
*,,,,,,,,,,,,,,,,,,,,,,,,,,
*,,,,,,,,,,,,,,,,,,,,,,,,,,
*,,,,,,,,,,,,,,,,,,,,,,,,,,
*,,,,,,,,,,,,,,,,,,,,,,,,,,
*,,,,,,,,,,,,,,,,,,,,,,,,,,
*,,,,,,,,,,,,,,,,,,,,,,,,,,
*,,,,,,,,,,,,,,,,,,,,,,,,,,
*,,,,,,,,,,,,,,,,,,,,,,,,,,
*,,,,,,,,,,,,,,,,,,,,,,,,,,
*,,,,,,,,,,,,,,,,,,,,,,,,,,
*,,,,,,,,,,,,,,,,,,,,,,,,,,
*,,,,,,,,,,,,,,,,,,,,,,,,,,
*,,,,,,,,,,,,,,,,,,,,,,,,,,
*,,,,,,,,,,,,,,,,,,,,,,,,,,
*,,,,,,,,,,,,,,,,,,,,,,,,,,
*,,,,,,,,,,,,,,,,,,,,,,,,,,
*,,,,,,,,,,,,,,,,,,,,,,,,,,
*,,,,,,,,,,,,,,,,,,,,,,,,,,
*,,,,,,,,,,,,,,,,,,,,,,,,,,
*,,,,,,,,,,,,,,,,,,,,,,,,,,
*,,,,,,,,,,,,,,,,,,,,,,,,,,
*,,,,,,,,,,,,,,,,,,,,,,,,,,
*,,,,,,,,,,,,,,,,,,,,,,,,,,
*,,,,,,,,,,,,,,,,,,,,,,,,,,
*,,,,,,,,,,,,,,,,,,,,,,,,,,
*,,,,,,,,,,,,,,,,,,,,,,,,,,
*,,,,,,,,,,,,,,,,,,,,,,,,,,
*,,,,,,,,,,,,,,,,,,,,,,,,,,
*,,,,,,,,,,,,,,,,,,,,,,,,,,
*,,,,,,,,,,,,,,,,,,,,,,,,,,
*,,,,,,,,,,,,,,,,,,,,,,,,,,
*,,,,,,,,,,,,,,,,,,,,,,,,,,
*,,,,,,,,,,,,,,,,,,,,,,,,,,
*,,,,,,,,,,,,,,,,,,,,,,,,,,
*,,,,,,,,,,,,,,,,,,,,,,,,,,
*,,,,,,,,,,,,,,,,,,,,,,,,,,
*,,,,,,,,,,,,,,,,,,,,,,,,,,
*,,,,,,,,,,,,,,,,,,,,,,,,,,
*,,,,,,,,,,,,,,,,,,,,,,,,,,
*,,,,,,,,,,,,,,,,,,,,,,,,,,
*,,,,,,,,,,,,,,,,,,,,,,,,,,
*,,,,,,,,,,,,,,,,,,,,,,,,,,
*,,,,,,,,,,,,,,,,,,,,,,,,,,
*,,,,,,,,,,,,,,,,,,,,,,,,,,
*,,,,,,,,,,,,,,,,,,,,,,,,,,
*,,,,,,,,,,,,,,,,,,,,,,,,,,
*,,,,,,,,,,,,,,,,,,,,,,,,,,
*,,,,,,,,,,,,,,,,,,,,,,,,,,
*,,,,,,,,,,,,,,,,,,,,,,,,,,
*,,,,,,,,,,,,,,,,,,,,,,,,,,
*,,,,,,,,,,,,,,,,,,,,,,,,,,
*,,,,,,,,,,,,,,,,,,,,,,,,,,
*,,,,,,,,,,,,,,,,,,,,,,,,,,
*,,,,,,,,,,,,,,,,,,,,,,,,,,
*,,,,,,,,,,,,,,,,,,,,,,,,,,
*,,,,,,,,,,,,,,,,,,,,,,,,,,
*,,,,,,,,,,,,,,,,,,,,,,,,,,
*,,,,,,,,,,,,,,,,,,,,,,,,,,
*,,,,,,,,,,,,,,,,,,,,,,,,,,
*,,,,,,,,,,,,,,,,,,,,,,,,,,
*,,,,,,,,,,,,,,,,,,,,,,,,,,
*,,,,,,,,,,,,,,,,,,,,,,,,,,
*,,,,,,,,,,,,,,,,,,,,,,,,,,
*,,,,,,,,,,,,,,,,,,,,,,,,,,
*,,,,,,,,,,,,,,,,,,,,,,,,,,
*,,,,,,,,,,,,,,,,,,,,,,,,,,
*,,,,,,,,,,,,,,,,,,,,,,,,,,
*,,,,,,,,,,,,,,,,,,,,,,,,,,
*,,,,,,,,,,,,,,,,,,,,,,,,,,
*,,,,,,,,,,,,,,,,,,,,,,,,,,
*,,,,,,,,,,,,,,,,,,,,,,,,,,
*,,,,,,,,,,,,,,,,,,,,,,,,,,
*,,,,,,,,,,,,,,,,,,,,,,,,,,
*,,,,,,,,,,,,,,,,,,,,,,,,,,
*,,,,,,,,,,,,,,,,,,,,,,,,,,
*,,,,,,,,,,,,,,,,,,,,,,,,,,
*,,,,,,,,,,,,,,,,,,,,,,,,,,
*,,,,,,,,,,,,,,,,,,,,,,,,,,
*,,,,,,,,,,,,,,,,,,,,,,,,,,
*,,,,,,,,,,,,,,,,,,,,,,,,,,
*,,,,,,,,,,,,,,,,,,,,,,,,,,
*,,,,,,,,,,,,,,,,,,,,,,,,,,
*,,,,,,,,,,,,,,,,,,,,,,,,,,
*,,,,,,,,,,,,,,,,,,,,,,,,,,
*,,,,,,,,,,,,,,,,,,,,,,,,,,
*,,,,,,,,,,,,,,,,,,,,,,,,,,
*,,,,,,,,,,,,,,,,,,,,,,,,,,
*,,,,,,,,,,,,,,,,,,,,,,,,,,
*,,,,,,,,,,,,,,,,,,,,,,,,,,
*,,,,,,,,,,,,,,,,,,,,,,,,,,
*,,,,,,,,,,,,,,,,,,,,,,,,,,
*,,,,,,,,,,,,,,,,,,,,,,,,,,
*,,,,,,,,,,,,,,,,,,,,,,,,,,
*,,,,,,,,,,,,,,,,,,,,,,,,,,
*,,,,,,,,,,,,,,,,,,,,,,,,,,
*,,,,,,,,,,,,,,,,,,,,,,,,,,
*,,,,,,,,,,,,,,,,,,,,,,,,,,
*,,,,,,,,,,,,,,,,,,,,,,,,,,
*,,,,,,,,,,,,,,,,,,,,,,,,,,
*,,,,,,,,,,,,,,,,,,,,,,,,,,
*,,,,,,,,,,,,,,,,,,,,,,,,,,
*,,,,,,,,,,,,,,,,,,,,,,,,,,
*,,,,,,,,,,,,,,,,,,,,,,,,,,
*,,,,,,,,,,,,,,,,,,,,,,,,,,
*,,,,,,,,,,,,,,,,,,,,,,,,,,
*,,,,,,,,,,,,,,,,,,,,,,,,,,
*,,,,,,,,,,,,,,,,,,,,,,,,,,
*,,,,,,,,,,,,,,,,,,,,,,,,,,
*,,,,,,,,,,,,,,,,,,,,,,,,,,
*,,,,,,,,,,,,,,,,,,,,,,,,,,
*,,,,,,,,,,,,,,,,,,,,,,,,,,
*,,,,,,,,,,,,,,,,,,,,,,,,,,
*,,,,,,,,,,,,,,,,,,,,,,,,,,
*,,,,,,,,,,,,,,,,,,,,,,,,,,
*,,,,,,,,,,,,,,,,,,,,,,,,,,
*,,,,,,,,,,,,,,,,,,,,,,,,,,
*,,,,,,,,,,,,,,,,,,,,,,,,,,
*,,,,,,,,,,,,,,,,,,,,,,,,,,
*,,,,,,,,,,,,,,,,,,,,,,,,,,
*,,,,,,,,,,,,,,,,,,,,,,,,,,
*,,,,,,,,,,,,,,,,,,,,,,,,,,
*,,,,,,,,,,,,,,,,,,,,,,,,,,
*,,,,,,,,,,,,,,,,,,,,,,,,,,
*,,,,,,,,,,,,,,,,,,,,,,,,,,
*,,,,,,,,,,,,,,,,,,,,,,,,,,
*,,,,,,,,,,,,,,,,,,,,,,,,,,
*,,,,,,,,,,,,,,,,,,,,,,,,,,
*,,,,,,,,,,,,,,,,,,,,,,,,,,
*,,,,,,,,,,,,,,,,,,,,,,,,,,
*,,,,,,,,,,,,,,,,,,,,,,,,,,
*,,,,,,,,,,,,,,,,,,,,,,,,,,
*,,,,,,,,,,,,,,,,,,,,,,,,,,
*,,,,,,,,,,,,,,,,,,,,,,,,,,
*,,,,,,,,,,,,,,,,,,,,,,,,,,
*,,,,,,,,,,,,,,,,,,,,,,,,,,
*,,,,,,,,,,,,,,,,,,,,,,,,,,
*,,,,,,,,,,,,,,,,,,,,,,,,,,
*,,,,,,,,,,,,,,,,,,,,,,,,,,
*,,,,,,,,,,,,,,,,,,,,,,,,,,
*,,,,,,,,,,,,,,,,,,,,,,,,,,
*,,,,,,,,,,,,,,,,,,,,,,,,,,
*,,,,,,,,,,,,,,,,,,,,,,,,,,
*,,,,,,,,,,,,,,,,,,,,,,,,,,
*,,,,,,,,,,,,,,,,,,,,,,,,,,
*,,,,,,,,,,,,,,,,,,,,,,,,,,
*,,,,,,,,,,,,,,,,,,,,,,,,,,
*,,,,,,,,,,,,,,,,,,,,,,,,,,
*,,,,,,,,,,,,,,,,,,,,,,,,,,
*,,,,,,,,,,,,,,,,,,,,,,,,,,
*,,,,,,,,,,,,,,,,,,,,,,,,,,
*,,,,,,,,,,,,,,,,,,,,,,,,,,
*,,,,,,,,,,,,,,,,,,,,,,,,,,
*,,,,,,,,,,,,,,,,,,,,,,,,,,
*,,,,,,,,,,,,,,,,,,,,,,,,,,
*,,,,,,,,,,,,,,,,,,,,,,,,,,
*,,,,,,,,,,,,,,,,,,,,,,,,,,
*,,,,,,,,,,,,,,,,,,,,,,,,,,
*,,,,,,,,,,,,,,,,,,,,,,,,,,
*,,,,,,,,,,,,,,,,,,,,,,,,,,
*,,,,,,,,,,,,,,,,,,,,,,,,,,
*,,,,,,,,,,,,,,,,,,,,,,,,,,
*,,,,,,,,,,,,,,,,,,,,,,,,,,
*,,,,,,,,,,,,,,,,,,,,,,,,,,
*,,,,,,,,,,,,,,,,,,,,,,,,,,
*,,,,,,,,,,,,,,,,,,,,,,,,,,
*,,,,,,,,,,,,,,,,,,,,,,,,,,
*,,,,,,,,,,,,,,,,,,,,,,,,,,
*,,,,,,,,,,,,,,,,,,,,,,,,,,
*,,,,,,,,,,,,,,,,,,,,,,,,,,
*,,,,,,,,,,,,,,,,,,,,,,,,,,
*,,,,,,,,,,,,,,,,,,,,,,,,,,
*,,,,,,,,,,,,,,,,,,,,,,,,,,
*,,,,,,,,,,,,,,,,,,,,,,,,,,
*,,,,,,,,,,,,,,,,,,,,,,,,,,
*,,,,,,,,,,,,,,,,,,,,,,,,,,
*,,,,,,,,,,,,,,,,,,,,,,,,,,
*,,,,,,,,,,,,,,,,,,,,,,,,,,
*,,,,,,,,,,,,,,,,,,,,,,,,,,
*,,,,,,,,,,,,,,,,,,,,,,,,,,
*,,,,,,,,,,,,,,,,,,,,,,,,,,
*,,,,,,,,,,,,,,,,,,,,,,,,,,
*,,,,,,,,,,,,,,,,,,,,,,,,,,
*,,,,,,,,,,,,,,,,,,,,,,,,,,
*,,,,,,,,,,,,,,,,,,,,,,,,,,
*,,,,,,,,,,,,,,,,,,,,,,,,,,
*,,,,,,,,,,,,,,,,,,,,,,,,,,
*,,,,,,,,,,,,,,,,,,,,,,,,,,
*,,,,,,,,,,,,,,,,,,,,,,,,,,
*,,,,,,,,,,,,,,,,,,,,,,,,,,
*,,,,,,,,,,,,,,,,,,,,,,,,,,
*,,,,,,,,,,,,,,,,,,,,,,,,,,
*,,,,,,,,,,,,,,,,,,,,,,,,,,
*,,,,,,,,,,,,,,,,,,,,,,,,,,
*,,,,,,,,,,,,,,,,,,,,,,,,,,
*,,,,,,,,,,,,,,,,,,,,,,,,,,
*,,,,,,,,,,,,,,,,,,,,,,,,,,
*,,,,,,,,,,,,,,,,,,,,,,,,,,
*,,,,,,,,,,,,,,,,,,,,,,,,,,
*,,,,,,,,,,,,,,,,,,,,,,,,,,
*,,,,,,,,,,,,,,,,,,,,,,,,,,
*,,,,,,,,,,,,,,,,,,,,,,,,,,
*,,,,,,,,,,,,,,,,,,,,,,,,,,
*,,,,,,,,,,,,,,,,,,,,,,,,,,
*,,,,,,,,,,,,,,,,,,,,,,,,,,
*,,,,,,,,,,,,,,,,,,,,,,,,,,
*,,,,,,,,,,,,,,,,,,,,,,,,,,
*,,,,,,,,,,,,,,,,,,,,,,,,,,
*,,,,,,,,,,,,,,,,,,,,,,,,,,
*,,,,,,,,,,,,,,,,,,,,,,,,,,
*,,,,,,,,,,,,,,,,,,,,,,,,,,
*,,,,,,,,,,,,,,,,,,,,,,,,,,
*,,,,,,,,,,,,,,,,,,,,,,,,,,
*,,,,,,,,,,,,,,,,,,,,,,,,,,
*,,,,,,,,,,,,,,,,,,,,,,,,,,
*,,,,,,,,,,,,,,,,,,,,,,,,,,
*,,,,,,,,,,,,,,,,,,,,,,,,,,
*,,,,,,,,,,,,,,,,,,,,,,,,,,
*,,,,,,,,,,,,,,,,,,,,,,,,,,
*,,,,,,,,,,,,,,,,,,,,,,,,,,
*,,,,,,,,,,,,,,,,,,,,,,,,,,
*,,,,,,,,,,,,,,,,,,,,,,,,,,
*,,,,,,,,,,,,,,,,,,,,,,,,,,
*,,,,,,,,,,,,,,,,,,,,,,,,,,
*,,,,,,,,,,,,,,,,,,,,,,,,,,
*,,,,,,,,,,,,,,,,,,,,,,,,,,
*,,,,,,,,,,,,,,,,,,,,,,,,,,
*,,,,,,,,,,,,,,,,,,,,,,,,,,
*,,,,,,,,,,,,,,,,,,,,,,,,,,
*,,,,,,,,,,,,,,,,,,,,,,,,,,
*,,,,,,,,,,,,,,,,,,,,,,,,,,
*,,,,,,,,,,,,,,,,,,,,,,,,,,
*,,,,,,,,,,,,,,,,,,,,,,,,,,
*,,,,,,,,,,,,,,,,,,,,,,,,,,
*,,,,,,,,,,,,,,,,,,,,,,,,,,
*,,,,,,,,,,,,,,,,,,,,,,,,,,
*,,,,,,,,,,,,,,,,,,,,,,,,,,
*,,,,,,,,,,,,,,,,,,,,,,,,,,
*,,,,,,,,,,,,,,,,,,,,,,,,,,
*,,,,,,,,,,,,,,,,,,,,,,,,,,
*,,,,,,,,,,,,,,,,,,,,,,,,,,
*,,,,,,,,,,,,,,,,,,,,,,,,,,
*,,,,,,,,,,,,,,,,,,,,,,,,,,
*,,,,,,,,,,,,,,,,,,,,,,,,,,
*,,,,,,,,,,,,,,,,,,,,,,,,,,
*,,,,,,,,,,,,,,,,,,,,,,,,,,
*,,,,,,,,,,,,,,,,,,,,,,,,,,
*,,,,,,,,,,,,,,,,,,,,,,,,,,
*,,,,,,,,,,,,,,,,,,,,,,,,,,
*,,,,,,,,,,,,,,,,,,,,,,,,,,
*,,,,,,,,,,,,,,,,,,,,,,,,,,
*,,,,,,,,,,,,,,,,,,,,,,,,,,
*,,,,,,,,,,,,,,,,,,,,,,,,,,
*,,,,,,,,,,,,,,,,,,,,,,,,,,
*,,,,,,,,,,,,,,,,,,,,,,,,,,
*,,,,,,,,,,,,,,,,,,,,,,,,,,
*,,,,,,,,,,,,,,,,,,,,,,,,,,
*,,,,,,,,,,,,,,,,,,,,,,,,,,
*,,,,,,,,,,,,,,,,,,,,,,,,,,
*,,,,,,,,,,,,,,,,,,,,,,,,,,
*,,,,,,,,,,,,,,,,,,,,,,,,,,
*,,,,,,,,,,,,,,,,,,,,,,,,,,
2025-01-14 18:03,190,6.8,54.7,138,3.1,0,1012.8,35,2691,127,1483,97,94.6,6.7,1,0.81,0,0,0,-3.3,10.2,37.5,-3.7,5334,FFFFFFFFFC000000,4
2025-01-14 18:04,190,5.9,55.9,120.7,3.4,0,1012.6,35,2657,127,1549,99,137.4,7.1,1,0.81,0,0,0,-2.8,8.8,42.9,-3.1,5351,FFFFFFFFFC000000,4
2025-01-14 18:05,190,5.2,58.1,118.5,3.5,0,1012.4,35,2620,127,1619,99,123.7,6.4,1,0.81,0,0,0,-2.5,7.5,48.1,-2.8,5384,FFFFFFFFFC000000,4
2025-01-14 18:06,190,4.7,61,139.4,3.5,0,1011.8,35,2565,127,1687,104,148.5,6.4,1,0.81,0,0,0,-2.4,6.4,52.1,-2.7,5399,FFFFFFFFFC000000,4
2025-01-14 18:07,190,4.6,63.2,123.8,3,0,1011.8,35,2531,127,1744,106,132.7,6.6,1,0.81,0,0,0,-2.6,5.7,53.9,-2.9,5377,FFFFFFFFFC000000,4
2025-01-14 18:08,190,4.5,63.8,114.9,3.8,0,1010.9,35,2496,127,1821,112,110.3,6.4,1,0.81,0,0,0,-2.9,5.3,54.2,-3.2,5384,FFFFFFFFFC000000,4
2025-01-14 18:09,190,4.6,63.9,130.9,3.4,0,1010.4,35,2451,127,1899,118,127.3,7,1,0.81,0,0,0,-2.9,5,55,-3.3,5373,FFFFFFFFFC000000,4
2025-01-14 18:10,190,4.4,63.7,103.6,2.5,0,1010.5,35,2433,127,1958,116,116,6.6,1,0.81,0,0,0,-2.8,4.8,56.6,-3.1,5373,FFFFFFFFFC000000,4
2025-01-14 18:11,190,4.1,65.6,133.3,3,0,1009.8,35,2392,127,2021,122,138.4,6.6,1,0.81,0,0,0,-2.5,4.5,58.7,-2.8,5373,FFFFFFFFFC000000,4
2025-01-14 18:12,190,4.3,66.2,140.6,2.1,0,1008.3,35,2358,127,2071,136,114.7,6.4,1,0.81,0,0,0,-2.9,4.4,57.6,-3.3,5377,FFFFFFFFFC000000,4
2025-01-14 18:13,190,4.4,65.8,110.4,2.3,0,1008.7,35,2341,127,2116,132,124.5,5.7,1,0.81,0,0,0,-3.1,4.3,56.9,-3.5,5375,FFFFFFFFFC000000,4
2025-01-14 18:14,190,4.4,65.2,106.8,3.1,0,1007.8,35,2324,127,2180,139,105.5,6.2,1,0.81,0,0,0,-3,4.3,57.1,-3.4,5380,FFFFFFFFFC000000,4
2025-01-14 18:15,190,4.4,65,140.3,3,0,1007.2,35,2277,127,2239,144,124.4,6.6,1,0.81,0,0,0,-3.3,4.3,56,-3.7,5381,FFFFFFFFFC000000,4
2025-01-14 18:16,190,4.5,64.2,82.6,3.1,0,1006.8,35,2289,127,2297,146,90.4,6.6,1,0.81,0,0,0,-3.3,4.3,55.7,-3.8,5386,FFFFFFFFFC000000,4
2025-01-14 18:17,190,4.2,63.9,199.6,2.5,0,1006.4,35,2247,127,2326,150,184,6.7,1,0.81,0,0,0,-3.1,4.3,56.7,-3.5,5378,FFFFFFFFFC000000,4
2025-01-14 18:18,190,4,65.1,144.8,3.3,0,1006.5,35,2194,127,2325,148,147.2,6.3,1,0.81,0,0,0,-2.9,4.2,58,-3.3,5390,FFFFFFFFFC000000,4
2025-01-14 18:19,190,3.8,65.9,169.7,3.7,0,1005.6,35,2119,127,2365,156,194.2,6.1,1,0.81,0,0,0,-2.6,4,60.4,-2.9,5400,FFFFFFFFFC000000,4
2025-01-14 18:20,190,3.6,67,182.8,3.9,0,1003.2,35,2038,127,2364,175,188.5,5.6,1,0.81,0,0,0,-2.8,3.8,60.6,-3.1,5404,FFFFFFFFFC000000,4
2025-01-14 18:21,190,4.2,67.4,187.6,3.1,0,1001.8,35,1965,127,2358,188,216.6,6.4,1,0.81,0,0,0,-3.4,3.5,58.5,-3.8,5398,FFFFFFFFFC000000,4
2025-01-14 18:22,190,5.1,64.5,161.3,3.4,0,1004.6,35,1888,127,2358,164,168.4,6.3,1,0.81,0,0,0,-3.9,3.9,54.7,-4.4,5392,FFFFFFFFFC000000,4
2025-01-14 18:23,190,4.8,61.5,166,3.8,0,1006.6,35,1807,127,2389,149,158,6,1,0.81,0,0,0,-3.5,4.2,55.1,-4,5415,FFFFFFFFFC000000,4
2025-01-14 18:24,190,4.6,62.5,151.9,3.5,0,1009.8,35,1752,127,2432,123,208.8,5.9,1,0.81,0,0,0,-3.2,4.3,56.1,-3.6,5411,FFFFFFFFFC000000,4
2025-01-14 18:25,190,4.6,63.7,164.3,3.7,0,1011.5,35,1683,127,2447,108,124,5.1,1,0.81,0,0,0,-3,4.3,57.1,-3.4,5412,FFFFFFFFFC000000,4
2025-01-14 18:26,190,4.7,63.4,160.1,3.5,0,1013.4,35,1619,127,2497,93,169.3,5.7,1,0.81,0,0,0,-3.1,4.3,56.7,-3.6,5408,FFFFFFFFFC000000,4
2025-01-14 18:27,190,4.4,62.9,148.2,3.4,0,1014.6,35,1563,127,2535,83,188.1,3.7,1,0.81,0,0,0,-2.9,4.1,58.4,-3.3,5404,FFFFFFFFFC000000,4
2025-01-14 18:28,190,4.4,64.4,183,3.8,0,1015.2,35,1481,127,2552,78,125.9,5.5,1,0.81,0,0,0,-2.9,3.9,59.5,-3.3,5412,FFFFFFFFFC000000,4
2025-01-14 18:29,190,5.1,64.7,176.5,3.8,0,1015.8,35,1416,127,2580,73,196.9,5.2,1,0.81,0,0,0,-3.1,3.9,58.5,-3.5,5419,FFFFFFFFFC000000,4
2025-01-14 18:30,190,5.5,60.5,220.3,3.5,0,1015.6,35,1358,127,2555,76,246.5,6.3,1,0.81,0,0,0,-3.6,4.2,54.9,-4.1,5420,FFFFFFFFFC000000,4
2025-01-14 18:31,190,5.3,58.9,192.8,3.9,0,1015.8,35,1287,127,2513,74,167.1,6.5,1,0.81,0,0,0,-3.7,4.4,53.8,-4.2,5420,FFFFFFFFFC000000,4
2025-01-14 18:32,190,6,58.4,222.8,3.1,0,1015.4,35,1233,127,2505,77,240.6,6.6,1,0.81,0,0,0,-4,4.7,51.5,-4.5,5401,FFFFFFFFFC000000,4
2025-01-14 18:33,190,6.2,55.8,206.3,3.5,0,1013.8,35,1173,127,2459,90,183.5,6.6,1,0.81,0,0,0,-4.1,5,49.9,-4.6,5396,FFFFFFFFFC000000,4
2025-01-14 18:34,190,5.9,55,184.6,3.4,0,1016.1,35,1100,127,2452,72,163.8,6.4,1,0.81,0,0,0,-3.9,5.1,50.3,-4.4,5405,FFFFFFFFFC000000,4
2025-01-14 18:35,190,6.3,54.5,188.4,3.5,0,1016.4,35,1028,127,2453,66,175.6,6.6,1,0.81,0,0,0,-4.1,5.1,49.2,-4.6,5399,FFFFFFFFFC000000,4
2025-01-14 18:36,190,5.3,53.6,194.7,3.9,0,1015.7,35,951,127,2453,72,195.3,6.4,1,0.81,0,0,0,-4,5.2,49.5,-4.5,5403,FFFFFFFFFC000000,4
2025-01-14 18:37,190,5,56.5,215.9,4.1,0,1013.9,35,875,127,2416,86,220.4,6.1,1,0.81,0,0,0,-3.9,4.9,51,-4.4,5421,FFFFFFFFFC000000,4
2025-01-14 18:38,190,5.9,57.3,195.6,3.6,0,1014.6,35,808,127,2369,83,202.7,7,1,0.81,0,0,0,-4,4.8,50.7,-4.5,5406,FFFFFFFFFC000000,4
2025-01-14 18:39,190,6.2,56,206.8,1.7,0,1016,35,770,127,2357,73,190.7,5.9,1,0.81,0,0,0,-3.7,5.2,50.6,-4.2,5392,FFFFFFFFFC000000,4
2025-01-14 18:40,190,5.9,57.7,133.1,1.7,0,1015.9,35,756,127,2364,74,94,4.9,1,0.81,0,0,0,-3.3,5.4,51.8,-3.7,5396,FFFFFFFFFC000000,4
2025-01-14 18:41,190,6,58.3,96.5,2.7,0,1015.4,35,753,127,2421,77,101,5.2,1,0.81,0,0,0,-3.2,5.5,51.8,-3.6,5401,FFFFFFFFFC000000,4
2025-01-14 18:42,190,5.6,57.8,138.1,4.1,0,1015.4,35,698,127,2505,75,129.1,5.3,1,0.81,0,0,0,-3.2,5.4,52,-3.6,5416,FFFFFFFFFC000000,4
2025-01-14 18:43,190,5.4,58,132.3,3.6,0,1015,35,654,127,2582,78,169.8,6,1,0.81,0,0,0,-3.2,5.1,53,-3.7,5409,FFFFFFFFFC000000,4
2025-01-14 18:44,190,5.1,59.4,120.8,2.4,0,1014.7,35,637,127,2633,82,106.3,5.9,1,0.81,0,0,0,-3.1,4.9,54.5,-3.5,5392,FFFFFFFFFC000000,4
2025-01-14 18:45,190,4.3,60,166.1,3,0,1014.1,35,583,127,2680,86,175.8,5.1,1,0.81,0,0,0,-2.9,4.7,56.3,-3.3,5400,FFFFFFFFFC000000,4
2025-01-14 18:46,190,3.5,62.7,181.2,3.8,0,1013,35,505,127,2686,95,152.2,5.3,1,0.81,0,0,0,-2.7,4.2,59.3,-3.1,5417,FFFFFFFFFC000000,4
2025-01-14 18:47,190,3.2,66.2,202.5,3.1,0,1010.9,35,446,127,2688,113,222.6,5.4,1,0.81,0,0,0,-2.4,3.7,62.9,-2.8,5411,FFFFFFFFFC000000,4
2025-01-14 18:48,190,3.6,69.6,204.1,3.4,0,1006.6,35,377,127,2644,150,208.3,6.1,1,0.81,0,0,0,-2.4,3.4,63.9,-2.8,5416,FFFFFFFFFC000000,4
2025-01-14 18:49,190,4.7,70.4,227.6,3.6,0,1009,35,326,127,2598,130,229.8,5.2,1,0.81,0,0,0,-3.1,3.6,59.7,-3.5,5421,FFFFFFFFFC000000,4
2025-01-14 18:50,190,5.4,66.2,197.1,3.4,0,1008.9,35,260,127,2546,130,171.5,5.3,1,0.81,0,0,0,-3.1,4.1,57.9,-3.5,5419,FFFFFFFFFC000000,4
2025-01-14 18:51,190,5.5,63.8,124.1,3.4,0,1007.8,35,225,127,2567,139,93.2,5.4,1,0.81,0,0,0,-2.8,4.4,57.8,-3.2,5420,FFFFFFFFFC000000,4
2025-01-14 18:52,190,5,62.4,134.9,3.4,0,1009.9,35,190,127,2620,122,132.9,5.3,1,0.81,0,0,0,-2.6,4.6,58,-3,5416,FFFFFFFFFC000000,4
2025-01-14 18:53,190,4.4,63.4,150.8,3.4,0,1009.8,35,152,127,2666,123,262.2,5.3,1,0.81,0,0,0,-2.4,4.5,59.4,-2.7,5416,FFFFFFFFFC000000,4
2025-01-14 18:54,190,4.1,66.5,248.2,9.3,0,1007.3,35,122,127,2619,140,186.1,5.1,1,0.81,0,0,0,-2,4.3,62.3,-2.3,5427,FFFFFFFFFC000000,4
2025-01-14 18:55,190,3.9,66.5,241.1,3.4,0,1008.3,35,92,127,2538,135,256.4,3.6,1,0.81,0,0,0,-2.6,4,60.5,-2.9,5416,FFFFFFFFFC000000,4
2025-01-14 18:56,190,3.4,67.1,210.3,3.3,0,1009.2,35,70,127,2471,121,190.2,4.8,1,0.81,0,0,0,-2.6,3.7,61.9,-2.9,5408,FFFFFFFFFC000000,4
2025-01-14 18:57,190,3.4,68.7,172.2,3.6,0,1003.4,34,9969,127,2484,175,209.7,4.6,1,0.81,0,0,0,-2.8,3.5,61.8,-3.1,5420,FFFFFFFFFC000000,4
2025-01-14 18:58,190,4,69.6,194.7,3.1,0,1006,34,9909,127,2458,157,172.4,6,1,0.81,0,0,0,-3.1,3.4,60.5,-3.5,5417,FFFFFFFFFC000000,4
2025-01-14 18:59,190,4.6,68.1,165.7,3.1,0,1008.7,34,9844,127,2453,136,120.2,6.4,1,0.81,0,0,0,-3.3,3.6,58.7,-3.7,5416,FFFFFFFFFC000000,4
2025-01-14 19:00,190,5,65.2,115.7,3.6,0,1009.7,34,9811,127,2503,127,144.8,5.5,2,0.81,0,0,0,-3.6,3.9,55.7,-4.1,5426,FFFFFFFFFC000000,4
2025-01-14 19:01,190,4.9,62,121.8,5.3,0,1009.7,34,9777,127,2585,125,192,5.4,1,0.81,0,0,0,-3.6,4.3,54.4,-4.1,5430,FFFFFFFFFC000000,4
2025-01-14 19:02,190,4.5,60.6,154.7,3.8,0,1009.7,34,9709,127,2621,126,170,5.5,1,0.81,0,0,0,-3.7,4.3,53.8,-4.2,5433,FFFFFFFFFC000000,4
2025-01-14 19:03,190,4.2,61.1,169.6,3.1,0,1009.9,34,9669,127,2634,124,87.3,6.1,1,0.81,0,0,0,-3.7,4.3,54.2,-4.2,5412,FFFFFFFFFC000000,4
2025-01-14 19:04,190,4.2,61.4,167.1,-,0,1008.5,34,9622,127,2669,135,177,5.2,1,0.81,0,0,0,-3.9,4.2,53.8,-4.4,5422,FFFFFFFFFC000002,4
2025-01-14 19:05,190,4.5,60.8,188.4,9.2,0,1006.1,34,9527,127,2662,152,181,5.5,1,0.81,0,0,0,-4.1,4.1,53.1,-4.6,5459,FFFFFFFFFC000000,4
2025-01-14 19:06,190,5.2,59.8,157.7,5.2,0,1001.9,34,9444,127,2670,187,111.6,4.6,1,0.81,0,0,0,-4.3,4.2,51.8,-4.9,5452,FFFFFFFFFC000000,4
2025-01-14 19:07,190,5.5,56.1,130.6,4.3,0,998.1,34,9382,127,2755,218,155.6,5.7,1,0.81,0,0,0,-4.9,4.4,48.3,-5.5,5451,FFFFFFFFFC000000,4
2025-01-14 19:08,190,5.8,54.2,229.5,0.5,0,1001,34,9372,127,2794,198,155.3,6.1,1,0.81,0,0,0,-4.9,4.9,46.7,-5.5,5413,FFFFFFFFFC000000,4
2025-01-14 19:09,190,5.7,53.4,226.4,1,0,1001.1,34,9353,127,2796,198,155.1,6,1,0.81,0,0,0,-4.4,5.9,45.6,-5,5424,FFFFFFFFFC000000,4
2025-01-14 19:10,190,5.6,53.3,181.5,7.9,0,1000.9,34,9258,127,2813,195,202.6,5.4,1,0.81,0,0,0,-4.7,6.5,42.3,-5.4,5457,FFFFFFFFFC000000,4
2025-01-14 19:11,190,6,54,195.5,4.9,0,998.1,34,9219,127,2787,208,187.8,5.2,1,0.81,0,0,0,-4.6,6.3,43.4,-5.2,5484,FFFFFFFFFC000000,4
2025-01-14 19:12,190,5.7,53.9,174.1,4.8,0,996.2,34,9050,127,2789,229,150.7,4.6,1,0.81,0,0,0,-4.2,6,46,-4.7,5487,FFFFFFFFFC000000,4
2025-01-14 19:13,190,5.4,55.1,150.5,4.7,0,995.4,34,8959,127,2837,229,146.6,4.1,1,0.81,0,0,0,-4.2,5.6,47.3,-4.7,5473,FFFFFFFFFC000000,4
2025-01-14 19:14,190,5.7,55.6,150.2,4.3,0,1000.8,34,8870,127,2907,196,160.1,5.2,1,0.81,0,0,0,-4.3,5.4,47.4,-4.8,5448,FFFFFFFFFC000000,4
2025-01-14 19:15,190,6.4,55,137.5,3.6,0,1008.8,34,8808,127,2967,130,86,5.7,1,0.81,0,0,0,-4.4,5.6,46.7,-4.9,5438,FFFFFFFFFC000000,4
2025-01-14 19:16,190,7,53.5,91.4,4.2,0,1015.8,34,8809,127,3064,72,121.3,5.1,1,0.81,0,0,0,-4.3,5.9,45.6,-4.9,5452,FFFFFFFFFC000000,4
2025-01-14 19:17,190,7.5,52,157.2,4.5,0,1020.3,34,8725,127,3157,35,166.5,6.5,1,0.81,0,0,0,-4.3,6.4,44.5,-4.8,5469,FFFFFFFFFC000000,4
2025-01-14 19:18,190,7.6,50.6,151.5,4.9,0,1021.1,34,8636,127,3202,28,147.8,6.7,1,0.81,0,0,0,-4.1,6.8,43.9,-4.7,5470,FFFFFFFFFC000000,4
2025-01-14 19:19,190,7.4,50.5,178.7,4.9,0,1021.9,34,8536,127,3241,22,184.2,6.8,1,0.81,0,0,0,-3.8,6.9,44.7,-4.3,5474,FFFFFFFFFC000000,4
2025-01-14 19:20,190,6.5,53.3,188.4,4.8,0,1020.2,34,8448,127,3231,29,184,5.7,1,0.81,0,0,0,-3.1,6.8,48,-3.5,5464,FFFFFFFFFC000000,4
2025-01-14 19:21,190,6.3,56.3,186.7,4.5,0,1020.6,34,8343,127,3220,23,163.8,6.3,1,0.81,0,0,0,-2.8,6.4,50.2,-3.2,5452,FFFFFFFFFC000000,4
2025-01-14 19:22,190,6.5,55.6,126.2,4.8,0,1018.6,34,8293,127,3261,49,112.7,3.7,1,0.81,0,0,0,-3.2,6.3,49.1,-3.6,5467,FFFFFFFFFC000000,4
2025-01-14 19:23,190,6.5,53.8,117.5,5.1,0,1015.4,34,8243,127,3379,75,135.9,5.3,1,0.81,0,0,0,-3.7,6,48.1,-4.2,5488,FFFFFFFFFC000000,4
2025-01-14 19:24,190,7.2,51.7,167.9,4.5,0,1018.1,34,8143,127,3462,53,183,7.2,1,0.81,0,0,0,-4.4,6.1,45,-4.9,5466,FFFFFFFFFC000000,4
2025-01-14 19:25,190,7.7,49,208.3,4.6,0,1017.9,34,8054,127,3453,54,205.9,7.3,1,0.81,0,0,0,-4.8,6.5,42.2,-5.4,5472,FFFFFFFFFC000000,4
2025-01-14 19:26,190,7.9,48.6,215.2,4.8,0,1018.7,34,7964,127,3398,47,206.6,7,1,0.81,0,0,0,-4.3,7,42.5,-4.9,5483,FFFFFFFFFC000000,4
2025-01-14 19:27,190,7.1,51.4,212.6,5,0,1019.1,34,7869,127,3339,44,206.4,6.5,1,0.81,0,0,0,-3.3,7.1,46.1,-3.7,5486,FFFFFFFFFC000000,4
2025-01-14 19:28,190,6.5,54.5,186.9,4.6,0,1020.2,34,7777,127,3295,36,152.4,6.3,1,0.81,0,0,0,-3,6.9,47.9,-3.4,5467,FFFFFFFFFC000000,4
2025-01-14 19:29,190,6.7,55.7,159,4.9,0,1021.4,34,7681,127,3334,25,153.5,6.2,1,0.81,0,0,0,-3,6.7,48.3,-3.4,5480,FFFFFFFFFC000000,4
2025-01-14 19:30,190,6.6,55.5,190.1,4.7,0,1021.8,34,7588,127,3362,23,195.1,6.6,1,0.81,0,0,0,-3.1,6.6,48.5,-3.5,5465,FFFFFFFFFC000000,4
2025-01-14 19:31,190,6.9,55.8,191.6,4.7,0,1021.6,34,7490,127,3334,24,188.9,6.6,1,0.81,0,0,0,-3.3,6.5,48.1,-3.7,5464,FFFFFFFFFC000000,4
2025-01-14 19:32,190,6.8,54.3,181.7,5,0,1021.3,34,7385,127,3320,26,178,6.1,1,0.81,0,0,0,-3.3,6.5,47.8,-3.8,5479,FFFFFFFFFC000000,4
2025-01-14 19:33,190,6.7,54.7,166.6,5.1,0,1019.2,34,7281,127,3330,43,147.1,6.4,1,0.81,0,0,0,-3.4,6.4,47.7,-3.8,5480,FFFFFFFFFC000000,4
2025-01-14 19:34,190,6.6,54.6,149,4.8,0,1020.6,34,7194,127,3386,33,146.8,6,1,0.81,0,0,0,-3.4,6.4,47.8,-3.9,5465,FFFFFFFFFC000000,4
2025-01-14 19:35,190,7,55.6,147.5,4.5,0,1022.4,34,7111,127,3451,19,143.7,6.1,1,0.81,0,0,0,-3.2,6.4,48.5,-3.7,5461,FFFFFFFFFC000000,4
2025-01-14 19:36,190,7,56.7,149.6,4.4,0,1022.7,34,7027,127,3520,17,150.9,6.4,1,0.81,0,0,0,-2.8,6.6,49.9,-3.1,5454,FFFFFFFFFC000000,4
2025-01-14 19:37,190,7,54.6,157.5,4.5,0,1021.8,34,6939,127,3577,23,140.6,5.3,1,0.81,0,0,0,-3.3,6.7,47.5,-3.7,5457,FFFFFFFFFC000000,4
2025-01-14 19:38,190,7.2,53.3,138.8,4.4,0,1019.7,34,6862,127,3645,41,148.7,5.5,1,0.81,0,0,0,-3.6,6.6,46.2,-4.1,5459,FFFFFFFFFC000000,4
2025-01-14 19:39,190,7.5,51.6,181,4.4,0,1019.8,21,0,0,2353,-,205.1,6.2,1,0.81,0,0,0,-3.9,6.7,44.9,-4.4,5458,FFFFFFFFFC002000,4
2025-01-14 19:40,190,7,51.8,224.4,4.9,0,1021.3,34,6689,127,3654,24,222.3,6,1,0.81,0,0,0,-3.5,6.8,46.1,-3.9,5488,FFFFFFFFFC000000,4
2025-01-14 19:41,190,6,57.5,224.9,5.3,0,1021.6,34,6615,127,3564,25,222.9,5.7,1,0.81,0,0,0,-2.2,6.5,52.4,-2.5,5491,FFFFFFFFFC000000,4
2025-01-14 19:42,190,6.1,58.2,254.7,4.8,0,1020.9,34,6580,127,3466,31,268.4,5.4,1,0.81,0,0,0,-2.6,6.3,51.3,-3,5468,FFFFFFFFFC000000,4
2025-01-14 19:43,190,5.1,59.4,267.8,4.7,0,1021.8,34,6574,127,3351,24,258.2,5.8,1,0.81,0,0,0,-2.3,5.9,54.2,-2.6,5460,FFFFFFFFFC000000,4
2025-01-14 19:44,190,5.7,62.7,258.4,4.8,0,1022.4,34,6548,127,3234,19,236.3,6.2,1,0.81,0,0,0,-2.7,5.5,53.7,-3.1,5470,FFFFFFFFFC000000,4
2025-01-14 19:45,190,5.7,60.8,221.1,4.6,0,1022.2,34,6473,127,3134,20,211.7,5.2,1,0.81,0,0,0,-2.5,5.6,54.4,-2.9,5454,FFFFFFFFFC000000,4
2025-01-14 19:46,190,5.1,61.7,224.4,4.7,0,1021.1,34,6399,127,3055,29,226.8,5,1,0.81,0,0,0,-2.7,5.4,54.5,-3,5460,FFFFFFFFFC000000,4
2025-01-14 19:47,190,4.9,62.4,206,4.5,0,1019.2,34,6313,127,2980,44,196.6,5.4,1,0.81,0,0,0,-2.6,5.2,55.6,-3,5451,FFFFFFFFFC000000,4
2025-01-14 19:48,190,4.7,63.3,185.8,4.4,0,1016.7,34,6219,127,2957,66,196,5.4,1,0.81,0,0,0,-3,5,54.6,-3.4,5439,FFFFFFFFFC000000,4
2025-01-14 19:49,190,5.8,62.5,178.3,4.2,0,1017.7,34,6130,127,2951,59,187.6,6.1,1,0.81,0,0,0,-3.8,5,51.3,-4.3,5437,FFFFFFFFFC000000,4
2025-01-14 19:50,190,7,58.3,195.9,4.4,0,1018.6,34,6042,127,2950,51,229.5,6.5,1,0.81,0,0,0,-4,5.5,48.5,-4.5,5451,FFFFFFFFFC000000,4
2025-01-14 19:51,190,7.3,53.9,233.8,4.9,0,1017.1,34,5979,127,2874,60,243.1,5.7,1,0.81,0,0,0,-4,6.1,46.2,-4.6,5491,FFFFFFFFFC000000,4
2025-01-14 19:52,190,7.1,54,235.9,4.8,0,1016.9,34,5914,127,2771,63,224.6,5.8,1,0.81,0,0,0,-3.5,6.4,47.2,-4,5482,FFFFFFFFFC000000,4
2025-01-14 19:53,190,7.3,52.9,246.1,5,0,1016.5,34,5867,127,2668,65,225.5,5.8,1,0.81,0,0,0,-3.8,6.6,45.4,-4.3,5495,FFFFFFFFFC000000,4
2025-01-14 19:54,190,7.1,51.4,233.8,4.6,0,1019.3,34,5808,127,2562,43,267.5,5.7,1,0.81,0,0,0,-3.7,6.8,45.3,-4.2,5460,FFFFFFFFFC000000,4
2025-01-14 19:55,190,5.9,55.3,275,4.7,0,1020.2,34,5812,127,2456,36,256.2,5,1,0.81,0,0,0,-2.7,6.6,50,-3.1,5452,FFFFFFFFFC000000,4
2025-01-14 19:56,190,5.6,59.1,260.9,4.8,0,1021.3,34,5793,127,2339,27,269.5,5.2,1,0.81,0,0,0,-2.4,6.1,52.9,-2.8,5463,FFFFFFFFFC000000,4
2025-01-14 19:57,190,6,59,282.9,4.9,0,1021.4,34,5807,127,2219,26,261.4,5.9,1,0.81,0,0,0,-3.3,5.9,50.1,-3.7,5469,FFFFFFFFFC000000,4
2025-01-14 19:58,190,6.5,56.9,270.6,4.8,0,1021.8,34,5793,127,2099,23,269.1,5.9,1,0.81,0,0,0,-3.7,5.9,48.4,-4.1,5497,FFFFFFFFFC000000,4
2025-01-14 19:59,190,6.2,56.8,263.6,4.9,0,1021.8,34,5767,127,1982,23,211,5.9,1,0.81,0,0,0,-3.2,6,50.1,-3.6,5487,FFFFFFFFFC000000,4
2025-01-14 20:00,190,6.7,60.1,219.9,4.5,0,1021.8,21,5684,127,1180,14,208.3,6.1,1,0.81,0,0,0,-2.6,6.1,52.5,-2.9,5468,FFFFFFFFFC000000,4
2025-01-14 20:01,190,6.8,58.7,218.6,4.7,0,1021.2,34,5599,127,1834,35,242.1,6.2,1,0.81,0,0,0,-2.4,6.3,52.4,-2.7,5471,FFFFFFFFFC000000,4
2025-01-14 20:02,190,6.8,60.7,278,4.7,0,1022.3,34,5595,127,1733,23,273.6,6.2,1,0.81,0,0,0,-2,6.3,54,-2.3,5494,FFFFFFFFFC000000,4
2025-01-14 20:03,190,7,60.9,261.8,4.4,0,1020.8,34,5575,127,1618,34,240.7,6.3,1,0.81,0,0,0,-1.7,6.5,54.8,-1.9,5468,FFFFFFFFFC000000,4
2025-01-14 20:04,190,6.3,62.9,250.8,4.5,0,1021.7,34,5529,127,1512,26,240.6,6,1,0.81,0,0,0,-0.9,6.5,58.5,-1,5473,FFFFFFFFFC000000,4
2025-01-14 20:05,190,6.8,66.3,216,4.3,0,1018.9,34,5454,127,1422,48,186.4,7.2,1,0.81,0,0,0,-0.9,6.4,58.9,-1,5463,FFFFFFFFFC000000,4
2025-01-14 20:06,190,7.2,65.8,225.2,3.3,0,1021,34,5397,127,1390,32,241.8,7.4,1,0.81,0,0,0,-1.2,6.6,56.9,-1.4,5431,FFFFFFFFFC000000,4
2025-01-14 20:07,190,7.3,64.2,254,3.9,0,1019.8,34,5365,127,1316,40,253.4,7.3,1,0.81,0,0,0,-1.1,6.8,56.4,-1.2,5452,FFFFFFFFFC000000,4
2025-01-14 20:08,190,7,65.6,210.6,3.9,0,1019.8,34,5297,127,1236,40,174.4,7,1,0.81,0,0,0,0.1,6.9,61.8,0.1,5444,FFFFFFFFFC000000,4
2025-01-14 20:09,190,7.3,69.4,201.7,3.4,0,1020.5,34,5209,127,1229,34,158.9,8.3,1,0.81,0,0,0,0.5,6.9,63.6,0.5,5448,FFFFFFFFFC000000,4
2025-01-14 20:10,190,7.5,69.8,150,3.3,0,1021.2,34,5138,127,1264,29,155.4,7.1,1,0.81,0,0,0,0.5,7.1,63.1,0.5,5432,FFFFFFFFFC000000,4
2025-01-14 20:11,190,7.4,70.5,182.5,4.2,0,1019.5,34,5055,127,1296,24,186,7.5,1,0.81,0,0,0,1,7.2,64.7,1,5451,FFFFFFFFFC000000,4
2025-01-14 20:12,190,7.4,70.6,203.8,4,0,1018.4,34,4965,127,1283,52,186.1,7.1,1,0.81,0,0,0,0.5,7.2,62,0.5,5476,FFFFFFFFFC000000,4
2025-01-14 20:13,190,7.6,69.6,223.3,4.1,0,1020.2,34,4886,127,1257,37,231.8,7.3,1,0.81,0,0,0,0.1,7.3,60.4,0.1,5487,FFFFFFFFFC000000,4
2025-01-14 20:14,190,7.8,68.7,236.7,1,0,1021.3,34,4884,127,1217,30,234.3,8,1,0.81,0,0,0,0.4,7.4,61,0.4,5421,FFFFFFFFFC000000,4
2025-01-14 20:15,190,7.8,69.1,139.2,0.4,0,1021.4,34,4884,127,1216,30,234.1,9.3,1,0.81,0,0,0,0.7,7.5,62.1,0.7,5405,FFFFFFFFFC000000,4
2025-01-14 20:16,190,7.8,69,178.2,0.5,0,1021.4,34,4880,127,1215,31,139.5,9,1,0.81,0,0,0,0.5,7.6,60.6,0.5,5415,FFFFFFFFFC000000,4
2025-01-14 20:17,190,7.8,68.6,48.1,2.2,0,1021.2,24,4911,127,870,15,31.6,7.7,1,0.81,0,0,0,0.4,7.7,60.1,0.4,5397,FFFFFFFFFC000000,4
2025-01-14 20:18,190,7.8,67.9,358.9,3.7,0,1019.5,34,4993,127,1271,38,5.9,7.5,1,0.81,0,0,0,0.1,7.7,58.6,0.1,5403,FFFFFFFFFC000000,4
2025-01-14 20:19,190,7.7,66.7,355,4.4,0,1018.3,34,5085,127,1288,48,5.8,7.3,1,0.81,0,0,0,-0.1,7.7,58.1,-0.1,5424,FFFFFFFFFC000000,4
2025-01-14 20:20,190,7.6,67.1,344,4.6,0,1020.3,34,5175,127,1287,25,323.6,7.3,1,0.81,0,0,0,0.5,7.6,60.8,0.5,5457,FFFFFFFFFC000000,4
2025-01-14 20:21,190,7.6,69.1,335.5,4.8,0,1020.6,34,5259,127,1239,29,354.5,8,1,0.81,0,0,0,0.8,7.6,62,0.8,5474,FFFFFFFFFC000000,4
2025-01-14 20:22,190,7.7,68.4,355.6,4.4,0,1020.1,34,5345,127,1226,33,33.5,7.4,1,0.81,0,0,0,0.4,7.6,60.3,0.4,5455,FFFFFFFFFC000000,4
2025-01-14 20:23,190,7.3,68.5,65,3.8,0,1019.3,34,5380,127,1275,42,62.4,6.7,1,0.81,0,0,0,0.7,7.5,61.9,0.7,5437,FFFFFFFFFC000000,4
2025-01-14 20:24,190,7.2,68.1,55.1,3.1,0,1021.2,34,5404,127,1365,27,182.5,6.5,1,0.81,0,0,0,-0.2,7.3,58.7,-0.2,5412,FFFFFFFFFC000000,4
2025-01-14 20:25,190,7.3,67.4,194.7,2.9,0,1023.3,34,5336,127,1396,10,173.7,7.6,1,0.81,0,0,0,-0.3,7.2,58.6,-0.3,5411,FFFFFFFFFC000000,4
2025-01-14 20:26,190,7.4,66.8,186.5,2,0,1023.9,34,5290,127,1402,6,107.9,7.3,1,0.81,0,0,0,-0.5,7.2,57.8,-0.5,5401,FFFFFFFFFC000000,4
2025-01-14 20:27,190,7.6,65.6,111.9,1.2,0,1023.9,34,5283,127,1428,7,97.3,6.7,1,0.81,0,0,0,-0.7,7.3,56.5,-0.8,5404,FFFFFFFFFC000000,4
2025-01-14 20:28,190,7.6,64.8,189.2,1.3,0,1023.9,34,5258,127,1451,8,176.5,7.5,1,0.81,0,0,0,-0.7,7.3,56.4,-0.8,5395,FFFFFFFFFC000000,4
2025-01-14 20:29,190,7.7,64,228.4,1.2,0,1024,34,5246,127,1449,6,268,6.3,1,0.81,0,0,0,-0.8,7.4,55.7,-0.9,5398,FFFFFFFFFC000000,4
2025-01-14 20:30,190,7.7,63.5,43.6,0.4,0,1024.1,34,5246,127,1443,6,267.9,6.6,1,0.81,0,0,0,-0.8,7.5,55.5,-0.9,5394,FFFFFFFFFC000000,4
2025-01-14 20:31,190,7.7,63,247.8,0.3,0,1024.1,34,5246,127,1443,5,267.7,6.8,1,0.81,0,0,0,-0.7,7.9,53.8,-0.8,5410,FFFFFFFFFC000000,4
2025-01-14 20:32,190,7.7,62.7,218.3,0.6,0,1024.1,34,5245,127,1443,5,267.5,6.8,1,0.81,0,0,0,-0.9,8.2,52.2,-1,5400,FFFFFFFFFC000000,4
2025-01-14 20:33,190,7.7,62.6,280,0.7,0,1024.1,34,5243,127,1439,5,176,7.4,1,0.81,0,0,0,-0.9,8.2,52.2,-1,5395,FFFFFFFFFC000000,4
2025-01-14 20:34,190,7.8,62.7,286.2,1.3,0,1024,34,5244,127,1429,7,344.2,8.8,1,0.81,0,0,0,-0.8,8.1,53,-0.9,5408,FFFFFFFFFC000000,4
2025-01-14 20:35,190,7.9,62.6,320.9,1.1,0,1024,34,5258,127,1409,7,351.2,6.8,1,0.81,0,0,0,-0.7,8.1,53.5,-0.8,5392,FFFFFFFFFC000000,4
2025-01-14 20:36,190,7.8,62.5,228.3,0.4,0,1024.1,34,5258,127,1409,8,351.1,6.5,1,0.81,0,0,0,-0.7,8.1,53.3,-0.8,5391,FFFFFFFFFC000000,4
2025-01-14 20:37,190,7.8,62.6,246.8,0.8,0,1024.1,34,5258,127,1409,9,351,6.6,1,0.81,0,0,0,-0.6,8.3,52.9,-0.7,5377,FFFFFFFFFC000000,4
2025-01-14 20:38,190,7.8,62.8,274,0.3,0,1024.1,34,5258,127,1409,9,350.9,6.6,1,0.81,0,0,0,-0.7,8.5,52.1,-0.8,5401,FFFFFFFFFC000000,4
2025-01-14 20:39,190,7.8,63,127,0.1,0,1024.1,34,5258,127,1409,9,350.9,6.7,1,0.81,0,0,0,-0.6,8.6,52,-0.7,5409,FFFFFFFFFC000000,4
2025-01-14 20:40,190,7.7,63,150.7,0.6,0,1024.2,34,5258,127,1409,9,350.9,6.7,1,0.81,0,0,0,-0.6,8.6,52.2,-0.7,5390,FFFFFFFFFC000000,4
2025-01-14 20:41,190,7.7,63.1,150.7,0.2,0,1024.2,19,0,0,814,-,350.8,6.7,1,0.81,0,0,0,-0.6,8.5,52.3,-0.7,5383,FFFFFFFFFC002000,4
2025-01-14 20:42,190,7.7,63.4,47.1,0.2,0,1024.2,33,5258,127,1403,10,350.8,6.7,1,0.81,0,0,0,-0.6,8.5,52.3,-0.7,5408,FFFFFFFFFC000000,4
2025-01-14 20:43,190,7.7,63.6,272.4,0.6,0,1024.2,34,5258,127,1409,9,350.9,6.6,1,0.81,0,0,0,-0.5,8.5,52.8,-0.6,5398,FFFFFFFFFC000000,4
2025-01-14 20:44,190,7.6,64,270.4,0.5,0,1024.2,34,5258,127,1409,9,351.1,6.8,1,0.81,0,0,0,-0.4,8.4,53.7,-0.5,5377,FFFFFFFFFC000000,4
2025-01-14 20:45,190,7.6,64.2,273.6,0.6,0,1024.2,34,5258,127,1409,10,351.4,6.8,1,0.81,0,0,0,-0.4,8.4,53.8,-0.4,5390,FFFFFFFFFC000000,4
2025-01-14 20:46,190,7.6,64.5,209.7,0.4,0,1024.1,34,5258,127,1409,10,351.5,6.8,1,0.81,0,0,0,-0.3,8.4,53.8,-0.4,5392,FFFFFFFFFC000000,4
2025-01-14 20:47,190,7.6,64.7,44,0.1,0,1024.1,34,5258,127,1409,10,351.5,6.7,1,0.81,0,0,0,-0.4,8.5,53.5,-0.4,5422,FFFFFFFFFC000000,4
2025-01-14 20:48,190,7.6,64.7,270.3,0.5,0,1024.2,34,5258,127,1409,9,351.5,6.7,1,0.81,0,0,0,-0.4,8.4,53.9,-0.4,5404,FFFFFFFFFC000000,4
2025-01-14 20:49,190,7.5,64.5,259.4,0.7,0,1024.1,34,5258,127,1409,9,351.4,6.7,1,0.81,0,0,0,-0.5,8.2,53.9,-0.6,5388,FFFFFFFFFC000000,4
2025-01-14 20:50,190,7.5,64.5,255.2,0.4,0,1024.1,34,5258,127,1409,9,351.3,6.7,1,0.81,0,0,0,-0.5,8.1,54.3,-0.5,5402,FFFFFFFFFC000000,4
2025-01-14 20:51,190,7.5,64.9,258.9,0.5,0,1024.1,34,5258,127,1409,9,351.2,6.7,1,0.81,0,0,0,-0.4,8.1,54.8,-0.5,5395,FFFFFFFFFC000000,4
2025-01-14 20:52,190,7.4,65.2,182.8,0.2,0,1024.2,34,5258,127,1409,10,351.1,6.7,1,0.81,0,0,0,-0.3,8,55.3,-0.4,5394,FFFFFFFFFC000000,4
2025-01-14 20:53,190,7.4,65.4,285.3,0.3,0,1024.2,34,5258,127,1409,9,351.1,6.7,1,0.81,0,0,0,-0.3,8.1,55.1,-0.4,5390,FFFFFFFFFC000000,4
2025-01-14 20:54,190,7.4,65.7,298.8,0.3,0,1024.2,34,5258,127,1409,8,351,6.7,1,0.81,0,0,0,-0.3,8.1,55.4,-0.3,5410,FFFFFFFFFC000000,4
2025-01-14 20:55,190,7.4,65.9,275.1,0.2,0,1024.2,34,5258,127,1409,8,350.9,6.7,1,0.81,0,0,0,-0.3,8,55.6,-0.3,5405,FFFFFFFFFC000000,4
2025-01-14 20:56,190,7.3,66.1,261.9,0.7,0,1024.2,34,5258,127,1409,7,350.7,6.7,1,0.81,0,0,0,-0.2,7.9,56.1,-0.3,5389,FFFFFFFFFC000000,4
2025-01-14 20:57,190,7.3,66.3,279,0.2,0,1024.2,34,5258,127,1409,6,350.6,6.6,1,0.81,0,0,0,-0.2,7.9,56.4,-0.2,5396,FFFFFFFFFC000000,4
2025-01-14 20:58,190,7.3,66.4,263.1,0.5,0,1024.2,34,5258,127,1409,7,350.5,6.6,1,0.81,0,0,0,-0.2,7.9,56.4,-0.3,5391,FFFFFFFFFC000000,4
2025-01-14 20:59,190,7.3,66.6,323.5,0.2,0,1024.2,34,5258,127,1409,8,350.3,6.6,1,0.81,0,0,0,-0.2,7.8,56.7,-0.2,5406,FFFFFFFFFC000000,4
2025-01-14 21:00,190,7.3,66.8,271.4,0.5,0,1024.2,34,5258,127,1409,8,350.1,6.6,1,0.81,0,0,0,-0.3,7.7,56.8,-0.3,5397,FFFFFFFFFC000000,4
2025-01-14 21:01,190,7.3,66.5,292.9,0.4,0,1024.3,34,5258,127,1409,7,349.9,6.6,1,0.81,0,0,0,-0.3,7.7,56.9,-0.3,5394,FFFFFFFFFC000000,4
2025-01-14 21:02,190,7.3,66.4,65.5,0.3,0,1024.2,34,5258,127,1409,7,349.7,6.5,1,0.81,0,0,0,-0.3,7.7,56.9,-0.3,5406,FFFFFFFFFC000000,4
2025-01-14 21:03,190,7.3,66.6,297.4,0.2,0,1024.3,34,5258,127,1409,8,349.6,6.6,1,0.81,0,0,0,-0.3,7.7,56.8,-0.3,5401,FFFFFFFFFC000000,4
*,,,,,,,,,,,,,,,,,,,,,,,,,,
*,,,,,,,,,,,,,,,,,,,,,,,,,,
*,,,,,,,,,,,,,,,,,,,,,,,,,,
*,,,,,,,,,,,,,,,,,,,,,,,,,,
*,,,,,,,,,,,,,,,,,,,,,,,,,,
*,,,,,,,,,,,,,,,,,,,,,,,,,,
*,,,,,,,,,,,,,,,,,,,,,,,,,,
*,,,,,,,,,,,,,,,,,,,,,,,,,,
*,,,,,,,,,,,,,,,,,,,,,,,,,,
*,,,,,,,,,,,,,,,,,,,,,,,,,,
*,,,,,,,,,,,,,,,,,,,,,,,,,,
*,,,,,,,,,,,,,,,,,,,,,,,,,,
*,,,,,,,,,,,,,,,,,,,,,,,,,,
*,,,,,,,,,,,,,,,,,,,,,,,,,,
*,,,,,,,,,,,,,,,,,,,,,,,,,,
*,,,,,,,,,,,,,,,,,,,,,,,,,,
*,,,,,,,,,,,,,,,,,,,,,,,,,,
*,,,,,,,,,,,,,,,,,,,,,,,,,,
*,,,,,,,,,,,,,,,,,,,,,,,,,,
*,,,,,,,,,,,,,,,,,,,,,,,,,,
*,,,,,,,,,,,,,,,,,,,,,,,,,,
*,,,,,,,,,,,,,,,,,,,,,,,,,,
*,,,,,,,,,,,,,,,,,,,,,,,,,,
*,,,,,,,,,,,,,,,,,,,,,,,,,,
*,,,,,,,,,,,,,,,,,,,,,,,,,,
*,,,,,,,,,,,,,,,,,,,,,,,,,,
*,,,,,,,,,,,,,,,,,,,,,,,,,,
*,,,,,,,,,,,,,,,,,,,,,,,,,,
*,,,,,,,,,,,,,,,,,,,,,,,,,,
*,,,,,,,,,,,,,,,,,,,,,,,,,,
*,,,,,,,,,,,,,,,,,,,,,,,,,,
*,,,,,,,,,,,,,,,,,,,,,,,,,,
*,,,,,,,,,,,,,,,,,,,,,,,,,,
*,,,,,,,,,,,,,,,,,,,,,,,,,,
*,,,,,,,,,,,,,,,,,,,,,,,,,,
*,,,,,,,,,,,,,,,,,,,,,,,,,,
*,,,,,,,,,,,,,,,,,,,,,,,,,,
*,,,,,,,,,,,,,,,,,,,,,,,,,,
*,,,,,,,,,,,,,,,,,,,,,,,,,,
*,,,,,,,,,,,,,,,,,,,,,,,,,,
*,,,,,,,,,,,,,,,,,,,,,,,,,,
*,,,,,,,,,,,,,,,,,,,,,,,,,,
*,,,,,,,,,,,,,,,,,,,,,,,,,,
*,,,,,,,,,,,,,,,,,,,,,,,,,,
*,,,,,,,,,,,,,,,,,,,,,,,,,,
*,,,,,,,,,,,,,,,,,,,,,,,,,,
*,,,,,,,,,,,,,,,,,,,,,,,,,,
*,,,,,,,,,,,,,,,,,,,,,,,,,,
*,,,,,,,,,,,,,,,,,,,,,,,,,,
*,,,,,,,,,,,,,,,,,,,,,,,,,,
*,,,,,,,,,,,,,,,,,,,,,,,,,,
*,,,,,,,,,,,,,,,,,,,,,,,,,,
*,,,,,,,,,,,,,,,,,,,,,,,,,,
*,,,,,,,,,,,,,,,,,,,,,,,,,,
*,,,,,,,,,,,,,,,,,,,,,,,,,,
*,,,,,,,,,,,,,,,,,,,,,,,,,,
*,,,,,,,,,,,,,,,,,,,,,,,,,,
*,,,,,,,,,,,,,,,,,,,,,,,,,,
*,,,,,,,,,,,,,,,,,,,,,,,,,,
*,,,,,,,,,,,,,,,,,,,,,,,,,,
*,,,,,,,,,,,,,,,,,,,,,,,,,,
*,,,,,,,,,,,,,,,,,,,,,,,,,,
*,,,,,,,,,,,,,,,,,,,,,,,,,,
*,,,,,,,,,,,,,,,,,,,,,,,,,,
*,,,,,,,,,,,,,,,,,,,,,,,,,,
*,,,,,,,,,,,,,,,,,,,,,,,,,,
*,,,,,,,,,,,,,,,,,,,,,,,,,,
*,,,,,,,,,,,,,,,,,,,,,,,,,,
*,,,,,,,,,,,,,,,,,,,,,,,,,,
*,,,,,,,,,,,,,,,,,,,,,,,,,,
*,,,,,,,,,,,,,,,,,,,,,,,,,,
*,,,,,,,,,,,,,,,,,,,,,,,,,,
*,,,,,,,,,,,,,,,,,,,,,,,,,,
*,,,,,,,,,,,,,,,,,,,,,,,,,,
*,,,,,,,,,,,,,,,,,,,,,,,,,,
*,,,,,,,,,,,,,,,,,,,,,,,,,,
*,,,,,,,,,,,,,,,,,,,,,,,,,,
*,,,,,,,,,,,,,,,,,,,,,,,,,,
*,,,,,,,,,,,,,,,,,,,,,,,,,,
*,,,,,,,,,,,,,,,,,,,,,,,,,,
*,,,,,,,,,,,,,,,,,,,,,,,,,,
*,,,,,,,,,,,,,,,,,,,,,,,,,,
*,,,,,,,,,,,,,,,,,,,,,,,,,,
*,,,,,,,,,,,,,,,,,,,,,,,,,,
*,,,,,,,,,,,,,,,,,,,,,,,,,,
*,,,,,,,,,,,,,,,,,,,,,,,,,,
*,,,,,,,,,,,,,,,,,,,,,,,,,,
*,,,,,,,,,,,,,,,,,,,,,,,,,,
*,,,,,,,,,,,,,,,,,,,,,,,,,,
*,,,,,,,,,,,,,,,,,,,,,,,,,,
*,,,,,,,,,,,,,,,,,,,,,,,,,,
*,,,,,,,,,,,,,,,,,,,,,,,,,,
*,,,,,,,,,,,,,,,,,,,,,,,,,,
*,,,,,,,,,,,,,,,,,,,,,,,,,,
*,,,,,,,,,,,,,,,,,,,,,,,,,,
*,,,,,,,,,,,,,,,,,,,,,,,,,,
*,,,,,,,,,,,,,,,,,,,,,,,,,,
*,,,,,,,,,,,,,,,,,,,,,,,,,,
*,,,,,,,,,,,,,,,,,,,,,,,,,,
*,,,,,,,,,,,,,,,,,,,,,,,,,,
*,,,,,,,,,,,,,,,,,,,,,,,,,,
*,,,,,,,,,,,,,,,,,,,,,,,,,,
*,,,,,,,,,,,,,,,,,,,,,,,,,,
*,,,,,,,,,,,,,,,,,,,,,,,,,,
*,,,,,,,,,,,,,,,,,,,,,,,,,,
*,,,,,,,,,,,,,,,,,,,,,,,,,,
*,,,,,,,,,,,,,,,,,,,,,,,,,,
*,,,,,,,,,,,,,,,,,,,,,,,,,,
*,,,,,,,,,,,,,,,,,,,,,,,,,,
*,,,,,,,,,,,,,,,,,,,,,,,,,,
*,,,,,,,,,,,,,,,,,,,,,,,,,,
*,,,,,,,,,,,,,,,,,,,,,,,,,,
*,,,,,,,,,,,,,,,,,,,,,,,,,,
*,,,,,,,,,,,,,,,,,,,,,,,,,,
*,,,,,,,,,,,,,,,,,,,,,,,,,,
*,,,,,,,,,,,,,,,,,,,,,,,,,,
*,,,,,,,,,,,,,,,,,,,,,,,,,,
*,,,,,,,,,,,,,,,,,,,,,,,,,,
*,,,,,,,,,,,,,,,,,,,,,,,,,,
*,,,,,,,,,,,,,,,,,,,,,,,,,,
*,,,,,,,,,,,,,,,,,,,,,,,,,,
*,,,,,,,,,,,,,,,,,,,,,,,,,,
*,,,,,,,,,,,,,,,,,,,,,,,,,,
*,,,,,,,,,,,,,,,,,,,,,,,,,,
*,,,,,,,,,,,,,,,,,,,,,,,,,,
*,,,,,,,,,,,,,,,,,,,,,,,,,,
*,,,,,,,,,,,,,,,,,,,,,,,,,,
*,,,,,,,,,,,,,,,,,,,,,,,,,,
*,,,,,,,,,,,,,,,,,,,,,,,,,,
*,,,,,,,,,,,,,,,,,,,,,,,,,,
*,,,,,,,,,,,,,,,,,,,,,,,,,,
*,,,,,,,,,,,,,,,,,,,,,,,,,,
*,,,,,,,,,,,,,,,,,,,,,,,,,,
*,,,,,,,,,,,,,,,,,,,,,,,,,,
*,,,,,,,,,,,,,,,,,,,,,,,,,,
*,,,,,,,,,,,,,,,,,,,,,,,,,,
*,,,,,,,,,,,,,,,,,,,,,,,,,,
*,,,,,,,,,,,,,,,,,,,,,,,,,,
*,,,,,,,,,,,,,,,,,,,,,,,,,,
*,,,,,,,,,,,,,,,,,,,,,,,,,,
*,,,,,,,,,,,,,,,,,,,,,,,,,,
*,,,,,,,,,,,,,,,,,,,,,,,,,,
*,,,,,,,,,,,,,,,,,,,,,,,,,,
*,,,,,,,,,,,,,,,,,,,,,,,,,,
*,,,,,,,,,,,,,,,,,,,,,,,,,,
*,,,,,,,,,,,,,,,,,,,,,,,,,,
*,,,,,,,,,,,,,,,,,,,,,,,,,,
*,,,,,,,,,,,,,,,,,,,,,,,,,,
*,,,,,,,,,,,,,,,,,,,,,,,,,,
*,,,,,,,,,,,,,,,,,,,,,,,,,,
*,,,,,,,,,,,,,,,,,,,,,,,,,,
*,,,,,,,,,,,,,,,,,,,,,,,,,,
*,,,,,,,,,,,,,,,,,,,,,,,,,,
*,,,,,,,,,,,,,,,,,,,,,,,,,,
*,,,,,,,,,,,,,,,,,,,,,,,,,,
*,,,,,,,,,,,,,,,,,,,,,,,,,,
*,,,,,,,,,,,,,,,,,,,,,,,,,,
*,,,,,,,,,,,,,,,,,,,,,,,,,,
*,,,,,,,,,,,,,,,,,,,,,,,,,,
*,,,,,,,,,,,,,,,,,,,,,,,,,,
*,,,,,,,,,,,,,,,,,,,,,,,,,,
*,,,,,,,,,,,,,,,,,,,,,,,,,,
*,,,,,,,,,,,,,,,,,,,,,,,,,,
*,,,,,,,,,,,,,,,,,,,,,,,,,,
*,,,,,,,,,,,,,,,,,,,,,,,,,,
*,,,,,,,,,,,,,,,,,,,,,,,,,,
*,,,,,,,,,,,,,,,,,,,,,,,,,,
*,,,,,,,,,,,,,,,,,,,,,,,,,,
*,,,,,,,,,,,,,,,,,,,,,,,,,,
*,,,,,,,,,,,,,,,,,,,,,,,,,,
*,,,,,,,,,,,,,,,,,,,,,,,,,,
*,,,,,,,,,,,,,,,,,,,,,,,,,,
*,,,,,,,,,,,,,,,,,,,,,,,,,,
*,,,,,,,,,,,,,,,,,,,,,,,,,,
*,,,,,,,,,,,,,,,,,,,,,,,,,,
*,,,,,,,,,,,,,,,,,,,,,,,,,,
*,,,,,,,,,,,,,,,,,,,,,,,,,,
